Sequence,isoA,isoA-kt,SELEX_affinity,SELEX_converted_energy,IDEA,IDEA_n,IDEA_SELEX,IDEA_SELEX_n,IDEA_3max,IDEA_3max_n,Substitutions
GGGG,2.580144682,4.357864368,0.015887578,4.142217716,-40.901707,51.254122,4.190068,1.383153,-34.323823,46.429191,4
GGAG,2.964482398,5.00701077,0.014832514,4.210933608,-45.364827,46.791002,4.008497,1.201582,-40.741388,40.011626,3
GCGG,2.817935066,4.759492326,0.015119214,4.191788912,-56.158911,35.996918,3.753217,0.946302,-45.050078,35.702936,3
GAGG,2.865979624,4.840639585,0.017902017,4.022841864,-36.151934,56.003895,4.110202,1.303287,-37.024507,43.728507,4
GAAG,2.84468115,4.804666462,0.015178837,4.187853133,-40.615054,51.540775,3.928631,1.121716,-43.442072,37.310942,3
GTGG,2.724098983,4.601003182,0.016766274,4.088385902,-35.164903,56.990926,4.288112,1.481197,-32.04877,48.704244,4
GTAG,2.834404587,4.787309347,0.015608322,4.159951062,-39.628022,52.527807,4.106541,1.299626,-38.466335,42.286679,3
GGGC,2.099823484,3.546601864,0.023558853,3.748253598,-55.865398,36.290431,3.58275,0.775835,-52.126417,28.626597,3
GGAC,2.479258401,4.187467439,0.015310062,4.179245015,-60.328518,31.827311,3.401179,0.594264,-58.543982,22.209032,2
GCGC,1.254472389,2.118803865,0.069057955,2.672809203,-71.122602,21.033227,3.145899,0.338984,-62.852672,17.900342,2
GCAC,0.310231727,0.523981387,0.605491264,0.501715144,-75.585722,16.570107,2.964328,0.157413,-69.270237,11.482777,1
GAGC,1.653424467,2.792633925,0.034812129,3.357789418,-51.115625,41.040204,3.502883,0.695968,-54.827102,25.925912,3
GAAC,1.639682572,2.769423864,0.043003261,3.14647932,-55.578745,36.577084,3.321312,0.514397,-61.244666,19.508348,2
GTGC,2.100159171,3.54716884,0.022656948,3.787288721,-50.128594,42.027235,3.680794,0.873879,-49.851364,30.90165,3
GTAC,2.794235924,4.719464476,0.016688684,4.093024369,-54.591714,37.564115,3.499223,0.692308,-56.268929,24.484085,2
GGGA,2.90561624,4.907585829,0.014041341,4.265749389,-29.843897,62.311932,4.284265,1.47735,-28.397508,52.355506,4
GGAA,3.016263338,5.094468778,0.016487379,4.105160104,-34.307017,57.848812,4.102694,1.295779,-34.815073,45.937941,3
GCGA,2.77348854,4.684422144,0.014256972,4.250509258,-45.101101,47.054728,3.847414,1.040499,-39.123763,41.629251,3
GCAA,2.71136251,4.579491279,0.015176443,4.188010854,-49.56422,42.591609,3.665843,0.858928,-45.541328,35.211686,2
GAGA,2.863211807,4.835964742,0.015343839,4.177041231,-25.094124,67.061705,4.204399,1.397484,-31.098193,49.654821,4
GAAA,3.031846688,5.120789056,0.01424409,4.251413213,-29.557244,62.598585,4.022828,1.215913,-37.515757,43.237257,3
GTGA,2.950119136,4.982751221,0.014459408,4.236410021,-24.107093,68.048736,4.38231,1.575395,-26.122455,54.630559,4
GTAA,3.079779192,5.201747055,0.014154121,4.257749438,-28.570213,63.585616,4.200739,1.393824,-32.54002,48.212994,3
GGGT,2.718601759,4.591718371,0.017059717,4.071035353,-38.986562,53.169267,4.115768,1.308853,-33.976984,46.77603,4
GGAT,2.93062193,4.94982044,0.015570022,4.162407888,-43.449682,48.706147,3.934197,1.127282,-40.394549,40.358465,3
GCGT,2.373267019,4.008447995,0.021198262,3.853836086,-54.243766,37.912063,3.678917,0.872002,-44.703239,36.049775,3
GCAT,1.535612195,2.593648997,0.051633882,2.963577202,-58.706885,33.448944,3.497346,0.690431,-51.120803,29.632211,2
GAGT,2.692004917,4.546796305,0.015552419,4.163539076,-34.236789,57.91904,4.035901,1.228986,-36.677668,44.075346,4
GAAT,2.633435649,4.447872811,0.017069348,4.070470926,-38.699909,53.45592,3.85433,1.047415,-43.095233,37.657781,3
GTGT,2.702863898,4.565137124,0.017073267,4.070241351,-33.249758,58.906071,4.213812,1.406897,-31.701931,49.051083,4
GTAT,3.144076836,5.310345776,0.015742021,4.151421635,-37.712878,54.442951,4.032241,1.225326,-38.119496,42.633518,3
GGCG,3.167758811,5.350344632,0.012764537,4.361084471,-40.140317,52.015512,4.488235,1.68132,-38.110993,42.642021,4
GGTG,2.975162716,5.025049827,0.014056048,4.264702526,-32.531202,59.624627,4.393388,1.586473,-27.753375,52.999639,4
GCCG,3.039780977,5.13419007,0.014922842,4.204862251,-55.397521,36.758308,4.051384,1.244469,-48.837248,31.915766,3
GCTG,2.88249569,4.86853522,0.015311005,4.179183459,-47.788406,44.367423,3.956537,1.149622,-38.47963,42.273384,3
GACG,3.102646844,5.24037052,0.015643219,4.157717755,-35.390544,56.765285,4.408369,1.601454,-40.811678,39.941336,4
GATG,2.88925936,4.879959059,0.014730228,4.217853567,-27.781429,64.3744,4.313522,1.506607,-30.454059,50.298955,4
GTCG,3.080134293,5.202346821,0.015012189,4.19889282,-34.403513,57.752316,4.586279,1.779364,-35.83594,44.917074,4
GTTG,3.057525747,5.164160987,0.01433551,4.245015571,-26.794398,65.361431,4.491432,1.684517,-25.478322,55.274692,4
GGCC,3.02169266,5.103638903,0.015292726,4.180377964,-55.104009,37.05182,3.880917,1.074002,-55.913587,24.839427,3
GGTC,2.797020441,4.724167525,0.015977774,4.136556657,-47.494894,44.660935,3.786069,0.979154,-45.555969,35.197045,3
GCCC,2.667313609,4.505092686,0.01885778,3.970829702,-70.361212,21.794617,3.444066,0.637151,-66.639842,14.113172,2
GCTC,2.001160756,3.379960517,0.022260809,3.804927583,-62.752098,29.403731,3.349218,0.542303,-56.282224,24.47079,2
GACC,2.895330435,4.890213105,0.01346047,4.307998009,-50.354236,41.801593,3.80105,0.994135,-58.614272,22.138742,3
GATC,2.490356163,4.206211559,0.013502925,4.304848953,-42.745121,49.410708,3.706203,0.899288,-48.256654,32.49636,3
GTCC,2.9749613,5.024709636,0.014214758,4.25347459,-49.367204,42.788625,3.978961,1.172046,-53.638534,27.11448,3
GTTC,3.010040971,5.0839592,0.013472387,4.307113103,-41.75809,50.397739,3.884113,1.077198,-43.280916,37.472098,3
GGCA,3.12635578,5.280414912,0.016228743,4.120971379,-29.082507,63.073322,4.582432,1.775517,-32.184679,48.568335,4
GGTA,3.138855574,5.301527064,0.014502046,4.233465516,-21.473393,70.682436,4.487585,1.68067,-21.82706,58.925954,4
GCCA,3.064358633,5.175701731,0.015844675,4.144921822,-44.339711,47.816118,4.145581,1.338666,-42.910933,37.842081,3
GCTA,3.118938438,5.267887022,0.016644042,4.095702942,-36.730596,55.425233,4.050734,1.243819,-32.553315,48.199699,3
GACA,3.037097625,5.129657889,0.015936494,4.139143601,-24.332734,67.823095,4.502566,1.695651,-34.885363,45.867651,4
GATA,3.036364273,5.128419257,0.014900198,4.206380798,-16.72362,75.432209,4.407719,1.600804,-24.527745,56.225269,4
GTCA,3.018584052,5.098388464,0.014612923,4.225849032,-23.345703,68.810126,4.680477,1.873562,-29.909625,50.843389,4
GTTA,3.203708715,5.41106402,0.01533349,4.177715966,-15.736589,76.41924,4.585629,1.778714,-19.552007,61.201007,4
GGCT,3.182723206,5.375619495,0.015485318,4.167862914,-38.225172,53.930657,4.413935,1.60702,-37.764154,42.98886,4
GGTT,3.153523276,5.326300813,0.015697188,4.154273667,-30.616058,61.539771,4.319087,1.512172,-27.406536,53.346478,4
GCCT,3.143936312,5.310108431,0.01629358,4.116984126,-53.482376,38.673453,3.977084,1.170169,-48.490409,32.262605,3
GCTT,2.787077801,4.707374406,0.015580129,4.161758984,-45.873261,46.282568,3.882236,1.075321,-38.132791,42.620223,3
GACT,3.23557868,5.464892391,0.013688165,4.291223656,-33.475399,58.68043,4.334068,1.527153,-40.464839,40.288175,4
GATT,3.175682735,5.363728139,0.015246762,4.183388115,-25.866285,66.289544,4.239221,1.432306,-30.10722,50.645794,4
GTCT,3.279056959,5.538327204,0.016788289,4.087073698,-32.488368,59.667461,4.511979,1.705064,-35.489101,45.263913,4
GTTT,3.250524199,5.490135372,0.013807318,4.282556541,-24.879253,67.276576,4.417132,1.610217,-25.131483,55.621531,4
AGGG,2.707312065,4.572650078,0.016102934,4.128753809,-45.596448,46.559381,4.129192,1.322277,-41.120045,39.632969,4
AGAG,2.797399752,4.724808181,0.016147664,4.125979856,-50.059568,42.096261,3.947621,1.140706,-47.53761,33.215404,3
ACGG,2.520652606,4.257382252,0.016660996,4.094684877,-60.853652,31.302177,3.692341,0.885426,-51.846299,28.906715,3
ACAG,1.79915567,3.038773927,0.026155935,3.643679154,-65.316772,26.839057,3.51077,0.703855,-58.263864,22.48915,2
AAGG,2.591216425,4.376564542,0.016236262,4.12050813,-40.846675,51.309154,4.049326,1.242411,-43.820729,36.932285,4
AAAG,2.653849539,4.482351871,0.01405811,4.264555796,-45.309795,46.846034,3.867755,1.06084,-50.238294,30.51472,3
ATGG,2.756424538,4.655601045,0.015582044,4.161636054,-39.859644,52.296185,4.227237,1.420322,-38.844992,41.908022,4
ATAG,2.85975473,4.830125739,0.015137828,4.190558502,-44.322764,47.833065,4.045666,1.238751,-45.262557,35.490457,3
AGGC,1.813408771,3.062847414,0.037982513,3.270629413,-60.56014,31.595689,3.521874,0.714959,-58.922639,21.830375,3
AGAC,2.526818445,4.267796354,0.01457341,4.228556643,-65.023259,27.13257,3.340303,0.533388,-65.340204,15.41281,2
ACGC,1.32201445,2.232882406,0.094536582,2.358768406,-75.817343,16.338486,3.085023,0.278108,-69.648893,11.104121,2
ACAC,0.310279695,0.524062405,0.829996736,0.18633351,-80.280463,11.875366,2.903452,0.096537,-76.066458,4.686556,1
AAGC,1.419205749,2.39703851,0.06238154,2.774485875,-55.810367,36.345462,3.442007,0.635092,-61.623323,19.129691,3
AAAC,1.575550616,2.66110499,0.094716432,2.356867783,-60.273486,31.882343,3.260436,0.453521,-68.040888,12.712126,2
ATGC,2.10324829,3.552386362,0.027630834,3.588822953,-54.823336,37.332493,3.619918,0.813003,-56.647586,24.105428,3
ATAC,2.750037177,4.644812792,0.014857612,4.209242942,-59.286455,32.869374,3.438347,0.631432,-63.065151,17.687863,2
AGGA,2.902758339,4.902758835,0.014702081,4.219766204,-34.538638,57.617191,4.223389,1.416474,-35.19373,45.559284,4
AGAA,3.053252734,5.156943868,0.015885038,4.142377624,-39.001758,53.154071,4.041818,1.234903,-41.611295,39.141719,3
ACGA,2.9317283,4.951689099,0.013445017,4.309146709,-49.795842,42.359987,3.786539,0.979624,-45.919985,34.833029,3
ACAA,2.912368872,4.918991025,0.016372925,4.11212621,-54.258962,37.896867,3.604967,0.798052,-52.337549,28.415465,2
AAGA,2.966155963,5.009837422,0.014805757,4.212739192,-29.788865,62.366964,4.143523,1.336608,-37.894414,42.8586,4
AAAA,2.957040718,4.994441773,0.014928548,4.204479899,-34.251985,57.903844,3.961952,1.155037,-44.311979,36.441035,3
ATGA,2.909385098,4.913951431,0.015446635,4.170364092,-28.801834,63.353995,4.321434,1.514519,-32.918677,47.834337,4
ATAA,2.962045376,5.00289464,0.014733362,4.217640849,-33.264954,58.890875,4.139863,1.332948,-39.336242,41.416772,3
AGGT,2.487575524,4.20151506,0.016783685,4.087348014,-43.681303,48.474526,4.054892,1.247977,-40.773206,39.979808,4
AGAT,2.632768513,4.446746018,0.014168672,4.256721925,-48.144423,44.011406,3.873321,1.066406,-47.190771,33.562243,3
ACGT,2.22097193,3.75122159,0.024478178,3.709973243,-58.938507,33.217322,3.618041,0.811126,-51.49946,29.253554,3
ACAT,1.101414156,1.860288509,0.092388167,2.381756375,-63.401627,28.754202,3.43647,0.629555,-57.917025,22.835989,2
AAGT,2.259272813,3.815911781,0.019859961,3.919049578,-38.93153,53.224299,3.975026,1.168111,-43.47389,37.279124,4
AAAT,2.277506988,3.846709303,0.019963021,3.913873667,-43.39465,48.761179,3.793454,0.986539,-49.891455,30.861559,3
ATGT,2.671276046,4.511785242,0.017161943,4.065060956,-37.944499,54.21133,4.152936,1.346021,-38.498153,42.254861,4
ATAT,2.994381681,5.057510659,0.018368351,3.997126129,-42.407619,49.74821,3.971365,1.16445,-44.915718,35.837296,3
AGCG,2.929270411,4.947537724,0.012862869,4.353410513,-44.835058,47.320771,4.427359,1.620444,-44.907215,35.845799,4
AGTG,2.777480181,4.691164026,0.015578363,4.16187231,-37.225944,54.929885,4.332512,1.525597,-34.549597,46.203417,4
ACCG,2.800024803,4.729241892,0.016977953,4.075839683,-60.092262,32.063567,3.990508,1.183593,-55.63347,25.119544,3
ACTG,2.764406696,4.66908291,0.013345832,4.316551187,-52.483147,39.672682,3.895661,1.088746,-45.275851,35.477163,3
AACG,2.850977792,4.815301491,0.01405571,4.264726559,-40.085285,52.070544,4.347493,1.540578,-47.607899,33.145115,4
AATG,2.80489784,4.737472452,0.014382907,4.241714813,-32.476171,59.679658,4.252646,1.445731,-37.250281,43.502733,4
ATCG,2.963443481,5.005256039,0.012352928,4.39386213,-39.098254,53.057575,4.525404,1.718489,-42.632162,38.120852,4
ATTG,3.014789326,5.091979172,0.016415117,4.109552574,-31.48914,60.666689,4.430556,1.623641,-32.274544,48.47847,4
AGCC,2.920504028,4.932731303,0.016528265,4.102683362,-59.79875,32.357079,3.820041,1.013126,-62.709809,18.043205,3
AGTC,2.687850224,4.539779028,0.013719628,4.288927782,-52.189635,39.966194,3.725193,0.918278,-52.352191,28.400823,3
ACCC,2.544434587,4.297550017,0.019299478,3.947677218,-75.055953,17.099876,3.38319,0.576275,-73.436064,7.31695,2
ACTC,1.8050494,3.048728437,0.03568187,3.333112569,-67.446839,24.70899,3.288342,0.481427,-63.078446,17.674568,2
AACC,2.698967652,4.558556364,0.017927162,4.021438285,-55.048977,37.106852,3.740174,0.933259,-65.410493,15.342521,3
AATC,2.542845321,4.294865747,0.01610923,4.128362904,-47.439862,44.715967,3.645327,0.838412,-55.052875,25.700139,3
ATCC,2.928299674,4.945898149,0.016687689,4.093084041,-54.061946,38.093883,3.918085,1.11117,-60.434756,20.318258,3
ATTC,2.953643755,4.988704302,0.015058378,4.195820764,-46.452831,45.702998,3.823238,1.016323,-50.077138,30.675876,3
AGCA,2.930068109,4.948885036,0.013933507,4.27345874,-33.777249,58.37858,4.521556,1.714641,-38.9809,41.772114,4
AGTA,3.043792833,5.140966095,0.017756669,4.030994102,-26.168134,65.987695,4.426709,1.619794,-28.623282,52.129732,4
ACCA,2.939204863,4.964317014,0.014742097,4.21704813,-49.034452,43.121377,4.084705,1.27779,-49.707155,31.045859,3
ACTA,3.063375306,5.174040892,0.014077364,4.263187187,-41.425338,50.730491,3.989858,1.182943,-39.349537,41.403477,3
AACA,2.809748488,4.745665196,0.01439017,4.241209935,-29.027476,63.128353,4.44169,1.634775,-41.681585,39.071429,4
AATA,2.977521461,5.029033748,0.015231598,4.184383172,-21.418361,70.737468,4.346843,1.539928,-31.323966,49.429048,4
ATCA,3.08819989,5.215969614,0.01624713,4.119838981,-28.040444,64.115385,4.619601,1.812686,-36.705847,44.047167,4
ATTA,3.154740936,5.328357441,0.013822482,4.281458897,-20.43133,71.724499,4.524753,1.717838,-26.348229,54.404785,4
AGCT,3.053242815,5.156927115,0.01244073,4.38677954,-42.919914,49.235915,4.353059,1.546144,-44.560376,36.192638,4
AGTT,3.012619967,5.088315124,0.013586736,4.298661239,-35.310799,56.84503,4.258211,1.451296,-34.202758,46.550256,4
ACCT,2.906860922,4.909688097,0.016049868,4.132054668,-58.177117,33.978712,3.916208,1.109293,-55.286631,25.466383,3
ACTT,2.724100672,4.601006035,0.015452022,4.170015397,-50.568003,41.587826,3.82136,1.014445,-44.929012,35.824002,3
AACT,2.995325036,5.059103986,0.014455581,4.236674739,-38.170141,53.985688,4.273193,1.466278,-47.26106,33.491954,4
AATT,2.989185483,5.048734281,0.013987472,4.269593233,-30.561026,61.594803,4.178345,1.37143,-36.903442,43.849572,4
ATCT,3.128927546,5.284758625,0.014014294,4.267677502,-37.183109,54.97272,4.451103,1.644188,-42.285323,38.467691,4
ATTT,3.119521057,5.268871065,0.014063526,4.264170628,-29.573995,62.581834,4.356256,1.549341,-31.927705,48.825309,4
CGGG,2.742433971,4.631970977,0.016681041,4.093482485,-57.471814,34.684015,4.032655,1.22574,-45.8066,34.946414,3
CGAG,2.857475949,4.826276878,0.018534707,3.988110261,-61.934934,30.220895,3.851084,1.044169,-52.224165,28.528849,2
CCGG,2.705207853,4.569096064,0.016439112,4.108091882,-72.729018,19.426811,3.595804,0.788889,-56.532855,24.220159,2
CCAG,1.962100874,3.313988376,0.023705378,3.74205334,-77.192137,14.963692,3.414233,0.607318,-62.95042,17.802594,1
CAGG,2.66122888,4.494815578,0.016466726,4.10641353,-52.722041,39.433788,3.952789,1.145874,-48.507285,32.245729,3
CAAG,2.774567007,4.686243675,0.017485432,4.046387206,-57.185161,34.970668,3.771218,0.964303,-54.924849,25.828165,2
CTGG,2.832286892,4.783732561,0.013012041,4.341880148,-51.73501,40.420819,4.130699,1.323784,-43.531547,37.221467,3
CTAG,2.777528797,4.691246138,0.013165552,4.330151574,-56.19813,35.957699,3.949128,1.142213,-49.949112,30.803902,2
CGGC,1.691656554,2.85720792,0.044220069,3.118576541,-72.435506,19.720323,3.425337,0.618422,-63.609194,17.14382,2
CGAC,2.141146008,3.616395608,0.024029734,3.728463312,-76.898625,15.257204,3.243766,0.436851,-70.026759,10.726255,1
CCGC,1.082499811,1.828342181,0.208837208,1.566200241,-87.692709,4.46312,2.988486,0.181571,-74.335449,6.417565,1
CCAC,0,0,1,0,-92.155829,0,2.806915,0,-80.753014,0,0
CAGC,1.158115667,1.956057362,0.096926053,2.333806928,-67.685733,24.470096,3.34547,0.538555,-66.309879,14.443135,2
CAAC,1.291211106,2.180855558,0.114158491,2.170167522,-72.148852,20.006977,3.163899,0.356984,-72.727444,8.02557,1
CTGC,2.151776378,3.634350302,0.02174985,3.828148423,-66.698701,25.457128,3.523381,0.716466,-61.334141,19.418873,2
CTAC,2.713116675,4.582454064,0.017256694,4.059555168,-71.161821,20.994008,3.34181,0.534895,-67.751706,13.001308,1
CGGA,2.972988982,5.021378391,0.014903532,4.206157064,-46.414004,45.741825,4.126852,1.319937,-39.880285,40.872729,3
CGAA,3.153228577,5.325803067,0.015731305,4.152102578,-50.877124,41.278705,3.945281,1.138366,-46.29785,34.455164,2
CCGA,3.036131268,5.128025712,0.014781679,4.214366792,-61.671208,30.484621,3.690001,0.883086,-50.60654,30.146474,2
CCAA,2.920405024,4.932564086,0.016354491,4.11325274,-66.134328,26.021501,3.50843,0.701515,-57.024105,23.728909,1
CAGA,2.885824363,4.874157349,0.012935899,4.34774896,-41.664231,50.491598,4.046986,1.240071,-42.58097,38.172044,3
CAAA,3.077924067,5.198613749,0.01339534,4.312848405,-46.127351,46.028478,3.865415,1.0585,-48.998535,31.754479,2
CTGA,3.089716264,5.21853077,0.017131848,4.066816116,-40.6772,51.478629,4.224897,1.417982,-37.605232,43.147782,3
CTAA,3.072561542,5.189556444,0.014180511,4.255886693,-45.14032,47.015509,4.043325,1.23641,-44.022797,36.730217,2
CGGT,2.47629944,4.182469754,0.017907436,4.022539207,-55.556669,36.59916,3.958355,1.15144,-45.459761,35.293253,3
CGAT,2.675101394,4.518246254,0.017288899,4.057690688,-60.019789,32.13604,3.776784,0.969869,-51.877326,28.875688,2
CCGT,2.19568185,3.708506645,0.017383298,4.052245398,-70.813873,21.341956,3.521504,0.714589,-56.186016,24.566998,2
CCAT,0.996524914,1.68313058,0.121455931,2.108203788,-75.276993,16.878836,3.339933,0.533018,-62.603581,18.149433,1
CAGT,2.280965068,3.85255,0.017296901,4.0572279,-50.806896,41.348933,3.878488,1.071573,-48.160446,32.592568,3
CAAT,2.094820144,3.538151223,0.026343504,3.636533577,-55.270016,36.885813,3.696917,0.890002,-54.57801,26.175004,2
CTGT,2.842664243,4.801259906,0.014460727,4.236318814,-49.819865,42.335964,4.056399,1.249484,-43.184708,37.568306,3
CTAT,2.95669754,4.993862145,0.015335076,4.17761252,-54.282985,37.872844,3.874828,1.067913,-49.602273,31.150741,2
CGCG,2.935447776,4.957971294,0.023602823,3.746388938,-56.710424,35.445405,4.330822,1.523907,-49.593771,31.159243,3
CGTG,2.489672981,4.205057665,0.082515424,2.49477005,-49.10131,43.054519,4.235975,1.42906,-39.236152,41.516862,3
CCCG,2.790834619,4.713719671,0.014177822,4.256076347,-71.967628,20.188201,3.893971,1.087056,-60.320025,20.432989,2
CCTG,2.689681482,4.542872023,0.015081228,4.194304484,-64.358513,27.797316,3.799124,0.992209,-49.962407,30.790607,2
CACG,2.405402843,4.062725402,0.013758274,4.286114911,-51.960651,40.195178,4.250956,1.444041,-52.294455,28.458559,3
CATG,2.450687094,4.139210502,0.02165453,3.832540598,-44.351537,47.804292,4.156109,1.349194,-41.936837,38.816177,3
CTCG,3.032862443,5.122504666,0.013879913,4.277312562,-50.97362,41.182209,4.428866,1.621951,-47.318717,33.434297,3
CTTG,3.007247367,5.079240803,0.015266195,4.182114384,-43.364505,48.791324,4.334019,1.527104,-36.961099,43.791915,3
CGCC,2.705892656,4.570252696,0.015506513,4.166495177,-71.674116,20.481713,3.723504,0.916589,-67.396365,13.356649,2
CGTC,2.506776082,4.233944802,0.013846958,4.279689721,-64.065001,28.090828,3.628656,0.821741,-57.038746,23.714268,2
CCCC,2.183202062,3.687428283,0.016542057,4.101849218,-86.931319,5.22451,3.286653,0.479738,-78.122619,2.630395,1
CCTC,1.283867702,2.168452549,0.09888798,2.31376758,-79.322205,12.833624,3.191805,0.38489,-67.765001,12.988013,1
CACC,2.153853254,3.637858146,0.017948759,4.020234317,-66.924343,25.231486,3.643637,0.836722,-70.097049,10.655965,2
CATC,1.903925005,3.215729333,0.023496042,3.750923285,-59.315228,32.840601,3.54879,0.741875,-59.739431,21.013583,2
CTCC,2.845425603,4.805923843,0.014473506,4.235435448,-65.937312,26.218517,3.821548,1.014633,-65.121312,15.631702,2
CTTC,3.071439888,5.187661971,0.015336685,4.177507602,-58.328197,33.827632,3.7267,0.919785,-54.763693,25.989321,2
CGCA,3.147926957,5.31684863,0.012406302,4.389550729,-45.652615,46.503214,4.425019,1.618104,-43.667456,37.085558,3
CGTA,3.160405855,5.337925489,0.014451477,4.236958654,-38.0435,54.112329,4.330172,1.523257,-33.309838,47.443176,3
CCCA,3.169423996,5.353157129,0.013997836,4.26885251,-60.909818,31.246011,3.988168,1.181253,-54.39371,26.359304,2
CCTA,3.186724821,5.382378223,0.015270622,4.181824454,-53.300704,38.855125,3.893321,1.086406,-44.036092,36.716922,2
CACA,2.819438789,4.762032115,0.013724279,4.288588798,-40.902842,51.252987,4.345153,1.538238,-46.36814,34.384874,3
CATA,3.046689615,5.14585876,0.013148472,4.331449727,-33.293727,58.862102,4.250306,1.443391,-36.010522,44.742492,3
CTCA,3.303359951,5.579374957,0.01356457,4.30029401,-39.91581,52.240019,4.523064,1.716149,-41.392403,39.360611,3
CTTA,3.34040661,5.641946764,0.014472934,4.235475026,-32.306696,59.849133,4.428216,1.621301,-31.034784,49.71823,3
CGCT,3.288013174,5.553454251,0.018237475,4.004276748,-54.795279,37.36055,4.256522,1.449607,-49.246931,31.506083,3
CGTT,3.117294811,5.265110936,0.017403134,4.051104989,-47.186165,44.969664,4.161674,1.354759,-38.889313,41.863701,3
CCCT,2.95225969,4.986366616,0.01684631,4.08362363,-70.052483,22.103346,3.819671,1.012756,-59.973186,20.779828,2
CCTT,2.571168031,4.342702804,0.016579928,4.099562447,-62.443368,29.712461,3.724823,0.917908,-49.615568,31.137446,2
CACT,2.84628097,4.807368558,0.015857527,4.144110987,-50.045506,42.110323,4.176655,1.36974,-51.947616,28.805398,3
CATT,2.744875524,4.63609476,0.01548799,4.167690395,-42.436392,49.719437,4.081808,1.274893,-41.589998,39.163016,3
CTCT,3.292212103,5.560546242,0.013718118,4.289037823,-49.058475,43.097354,4.354566,1.547651,-46.971878,33.781136,3
CTTT,3.252140121,5.492864664,0.015857259,4.144127931,-41.449361,50.706468,4.259719,1.452804,-36.61426,44.138754,3
TGGG,2.88615014,4.874707586,0.017086391,4.069472994,-44.769218,47.386611,4.171425,1.36451,-38.529831,42.223183,4
TGAG,2.961842495,5.002551974,0.017129965,4.066926031,-49.232338,42.923491,3.989854,1.182939,-44.947396,35.805618,3
TCGG,2.67647484,4.520566005,0.014020337,4.267246338,-60.026422,32.129407,3.734574,0.927659,-49.256085,31.496929,3
TCAG,2.032301513,3.432557255,0.018935426,3.966720704,-64.489541,27.666288,3.553003,0.746088,-55.67365,25.079364,2
TAGG,2.807845567,4.742451163,0.015143521,4.190182464,-40.019445,52.136384,4.091559,1.284644,-41.230515,39.522499,4
TAAG,2.89255902,4.885532185,0.016494378,4.104735686,-44.482565,47.673264,3.909988,1.103073,-47.64808,33.104934,3
TTGG,2.890493838,4.882044092,0.016637314,4.096107302,-39.032414,53.123415,4.269469,1.462554,-36.254778,44.498236,4
TTAG,2.95959143,4.998749925,0.015248469,4.183276164,-43.495534,48.660295,4.087898,1.280983,-42.672342,38.080672,3
TGGC,1.971553518,3.329953892,0.028141258,3.570518514,-59.732909,32.42292,3.564107,0.757192,-56.332425,24.420589,3
TGAC,2.443552416,4.127160031,0.017900505,4.022926337,-64.196029,27.9598,3.382536,0.575621,-62.74999,18.003024,2
TCGC,1.132581212,1.912929667,0.042427445,3.159959831,-74.990113,17.165716,3.127256,0.320341,-67.058679,13.694335,2
TCAC,0.097286304,0.164316567,0.434846596,0.832761964,-79.453233,12.702596,2.945685,0.13877,-73.476244,7.27677,1
TAGC,1.423582692,2.404431167,0.042203824,3.165244457,-54.983136,37.172693,3.48424,0.677325,-59.033109,21.719905,3
TAAC,1.783595647,3.012493048,0.03825302,3.263532763,-59.446256,32.709573,3.302669,0.495754,-65.450674,15.30234,2
TTGC,2.213264094,3.738203055,0.019838303,3.92014073,-53.996105,38.159724,3.662151,0.855236,-54.057372,26.695642,3
TTAC,2.784955957,4.703790611,0.016245775,4.119922425,-58.459225,33.696604,3.48058,0.673665,-60.474937,20.278077,2
TGGA,2.896959304,4.892964264,0.017321687,4.055796001,-33.711408,58.444421,4.265622,1.458707,-32.603516,48.149498,4
TGAA,2.987864396,5.046502965,0.015082361,4.194229388,-38.174528,53.981301,4.084051,1.277136,-39.021081,41.731933,3
TCGA,2.83691366,4.791547172,0.015682423,4.15521476,-48.968612,43.187217,3.828771,1.021856,-43.32977,37.423244,3
TCAA,2.811312012,4.748305988,0.014796596,4.213358145,-53.431732,38.724097,3.6472,0.840285,-49.747335,31.005679,2
TAGA,2.943771586,4.972030209,0.015736763,4.151755696,-28.961635,63.194194,4.185756,1.378841,-35.3042,45.448814,4
TAAA,3.098773353,5.233828193,0.014991657,4.200261433,-33.424755,58.731074,4.004185,1.19727,-41.721765,39.031249,3
TTGA,3.01305356,5.089047463,0.016726544,4.090758364,-27.974604,64.181225,4.363666,1.556751,-30.328463,50.424551,4
TTAA,3.06558681,5.177776122,0.015459792,4.169512714,-32.437724,59.718105,4.182095,1.37518,-36.746028,44.006986,3
TGGT,2.474697507,4.179764089,0.017313276,4.056281686,-42.854073,49.301756,4.097125,1.29021,-38.182992,42.570022,4
TGAT,2.792802384,4.717043227,0.017022467,4.073221224,-47.317193,44.838636,3.915554,1.108639,-44.600557,36.152457,3
TCGT,2.163341916,3.653884496,0.016036228,4.132904849,-58.111277,34.044552,3.660274,0.853359,-48.909246,31.843768,3
TCAT,1.40389188,2.371173385,0.032307598,3.43245284,-62.574396,29.581433,3.478703,0.671788,-55.326811,25.426203,2
TAGT,2.176372514,3.675893176,0.016434338,4.108382349,-38.1043,54.051529,4.017258,1.210343,-40.883676,39.869338,4
TAAT,2.502169732,4.226164677,0.016507211,4.103957944,-42.56742,49.588409,3.835687,1.028772,-47.301241,33.451773,3
TTGT,2.885355096,4.873364757,0.016664639,4.094466221,-37.117269,55.03856,4.195169,1.388254,-35.907938,44.845076,4
TTAT,3.108264971,5.249859536,0.015061238,4.195630847,-41.580389,50.57544,4.013598,1.206683,-42.325503,38.427511,3
TGCG,2.986143307,5.043596046,0.018134966,4.009913387,-44.007828,48.148001,4.469592,1.662677,-42.317001,38.436013,4
TGTG,2.878066945,4.86105507,0.020861416,3.869853931,-36.398713,55.757116,4.374745,1.56783,-31.959383,48.793631,4
TCCG,2.929751332,4.94835,0.013955988,4.271846639,-59.265032,32.890797,4.032741,1.225826,-53.043255,27.709759,3
TCTG,2.877041468,4.859323039,0.017656222,4.036667051,-51.655917,40.499912,3.937894,1.130979,-42.685637,38.067377,3
TACG,2.978161936,5.03011551,0.014997223,4.199890205,-39.258055,52.897774,4.389726,1.582811,-45.017685,35.735329,4
TATG,2.881203279,4.866352338,0.016016026,4.134165406,-31.64894,60.506889,4.294878,1.487963,-34.660067,46.092947,4
TTCG,3.149998684,5.320347777,0.016719003,4.091209332,-38.271024,53.884805,4.567636,1.760721,-40.041948,40.711066,4
TTTG,3.055782752,5.161217068,0.015667902,4.156141097,-30.661909,61.49392,4.472789,1.665874,-29.68433,51.068684,4
TGCC,2.774460743,4.686064195,0.018650696,3.981871799,-58.97152,33.184309,3.862274,1.055359,-60.119595,20.633419,3
TGTC,2.622275639,4.429023554,0.018135733,4.009871092,-51.362405,40.793424,3.767426,0.960511,-49.761977,30.991037,3
TCCC,2.309998786,3.90158795,0.017491349,4.046048868,-74.228723,17.927106,3.425423,0.618508,-70.84585,9.907164,2
TCTC,1.685438365,2.846705398,0.029969834,3.507563944,-66.619609,25.53622,3.330575,0.52366,-60.488231,20.264783,2
TACC,2.526462049,4.267194401,0.015250083,4.18317032,-54.221747,37.934082,3.782407,0.975492,-62.820279,17.932735,3
TATC,2.298770372,3.882623158,0.016263148,4.118853573,-46.612632,45.543197,3.68756,0.880645,-52.462661,28.290353,3
TTCC,2.887110296,4.87632929,0.015341782,4.177175333,-53.234715,38.921114,3.960318,1.153403,-57.844542,22.908472,3
TTTC,2.957569174,4.995334335,0.015654139,4.157019921,-45.625601,46.530228,3.86547,1.058555,-47.486924,33.26609,3
TGCA,2.989993487,5.050099,0.015665141,4.156317323,-32.950018,59.205811,4.563789,1.756874,-36.390686,44.362328,4
TGTA,3.044945647,5.142913198,0.014265303,4.249925074,-25.340904,66.814925,4.468942,1.662027,-26.033068,54.719946,4
TCCA,3.044803668,5.142673395,0.013891034,4.276511687,-48.207222,43.948607,4.126938,1.320023,-47.116941,33.636073,3
TCTA,3.088415742,5.216334188,0.016274165,4.118176388,-40.598107,51.557722,4.032091,1.225176,-36.759322,43.993692,3
TACA,2.981187198,5.035225177,0.01488822,4.207185004,-28.200245,63.955584,4.483923,1.677008,-39.09137,41.661644,4
TATA,3.111138044,5.254712156,0.017128448,4.067014565,-20.591131,71.564698,4.389076,1.582161,-28.733752,52.019262,4
TTCA,3.147603638,5.316302545,0.015449104,4.170204257,-27.213214,64.942615,4.661833,1.854918,-34.115633,46.637381,4
TTTA,3.18825102,5.384955973,0.01549615,4.167163663,-19.6041,72.551729,4.566986,1.760071,-23.758015,56.994999,4
TGCT,2.954965038,4.990935949,0.016947462,4.077637164,-42.092683,50.063146,4.395292,1.588377,-41.970162,38.782852,4
TGTT,2.992720564,5.054705033,0.017755965,4.031033788,-34.483569,57.67226,4.300444,1.493529,-31.612544,49.14047,4
TCCT,2.875653943,4.85697951,0.017252299,4.059809866,-57.349887,34.805942,3.958441,1.151526,-52.696416,28.056598,3
TCTT,2.608083939,4.405053773,0.016109342,4.128355928,-49.740772,42.415057,3.863593,1.056678,-42.338798,38.414216,3
TACT,2.96700338,5.011268709,0.015644898,4.157610391,-37.34291,54.812919,4.315425,1.50851,-44.670846,36.082168,4
TATT,2.873193894,4.852824487,0.0142277,4.252564534,-29.733796,62.422033,4.220578,1.413663,-34.313228,46.439786,4
TTCT,3.065918677,5.178336645,0.012559979,4.37723983,-36.355879,55.79995,4.493336,1.686421,-39.695109,41.057905,4
TTTT,3.066413133,5.179171782,0.016301751,4.116482777,-28.746765,63.409064,4.398488,1.591573,-29.337491,51.415523,4