Sequence,Substitutions,Mitomi_Predicted,Mitomi_Measured,IDEA,IDEA_n
GGGG,3,10.09551306,3.599642284,-63.215109,15.059023
GGAG,2,7.391406667,3.982775611,-68.838841,9.435291
GCGG,2,6.752089206,4.13753325,-65.534809,12.739323
GAGG,3,8.934414916,3.706359263,-59.358178,18.915954
GAAG,2,6.230308523,4.050889414,-64.98191,13.292222
GTGG,3,10.59320983,3.796351701,-57.678825,20.595307
GTAG,2,7.889103438,3.856475118,-63.302557,14.971575
GGGC,2,6.047530247,3.507163381,-68.177153,10.096979
GGAC,1,3.343423854,3.343423854,-73.800885,4.473247
GCGC,1,2.704106393,2.704106393,-70.496853,7.777279
GCAC,0,0,0,-76.120585,2.153547
GAGC,2,4.886432103,2.267369554,-64.320222,13.95391
GAAC,1,2.18232571,2.18232571,-69.943954,8.330178
GTGC,2,6.545227018,3.234718703,-62.640869,15.633263
GTAC,1,3.841120625,3.841120625,-68.264601,10.009531
GGGA,3,10.17221597,3.200959262,-53.986857,24.287275
GGAA,2,7.468109573,4.098946812,-59.610589,18.663543
GCGA,2,6.828792112,4.171234058,-56.306557,21.967575
GCAA,1,4.124685719,4.124685719,-61.930289,16.343843
GAGA,3,9.011117822,4.173789758,-50.129926,28.144206
GAAA,2,6.307011429,4.448884041,-55.753658,22.520474
GTGA,3,10.66991274,4.865739859,-48.450573,29.823559
GTAA,2,7.965806344,4.13824169,-54.074305,24.199827
GGGT,3,9.321788873,3.836385083,-58.398721,19.875411
GGAT,2,6.61768248,3.921451358,-64.022453,14.251679
GCGT,2,5.978365019,3.853307022,-60.718421,17.555711
GCAT,1,3.274258626,3.274258626,-66.342153,11.931979
GAGT,3,8.160690729,3.901638165,-54.54179,23.732342
GAAT,2,5.456584336,3.995261807,-60.165522,18.10861
GTGT,3,9.819485644,3.993059707,-52.862437,25.411695
GTAT,2,7.115379251,4.097765624,-58.486169,19.787963
GGCG,3,10.96751383,4.080061693,-57.517015,20.757117
GGTG,3,10.56835694,3.870867682,-57.718871,20.555261
GCCG,2,7.624089979,4.085945848,-59.836715,18.437417
GCTG,2,7.224933084,4.095717757,-60.038571,18.235561
GACG,3,9.806415689,4.266946321,-53.660084,24.614048
GATG,3,9.407258794,3.998884746,-53.86194,24.412192
GTCG,3,11.4652106,4.138709175,-51.980731,26.293401
GTTG,3,11.06605371,4.057372519,-52.182587,26.091545
GGCC,2,6.91953102,4.282320976,-62.47906,15.795072
GGTC,2,6.520374125,3.691403152,-62.680915,15.593217
GCCC,1,3.576107166,3.576107166,-64.79876,13.475372
GCTC,1,3.176950271,3.176950271,-65.000615,13.273517
GACC,2,5.758432876,3.885292865,-58.622128,19.652004
GATC,2,5.359275981,3.732121448,-58.823984,19.450148
GTCC,2,7.417227791,3.942214796,-56.942776,21.331356
GTTC,2,7.018070896,4.095584438,-57.144631,21.129501
GGCA,3,11.04421674,4.420781831,-48.288763,29.985369
GGTA,3,10.64505984,4.216683009,-48.490619,29.783513
GCCA,2,7.700792885,4.215409971,-50.608463,27.665669
GCTA,2,7.30163599,4.30081885,-50.810319,27.463813
GACA,3,9.883118595,4.422351571,-44.431832,33.8423
GATA,3,9.4839617,4.178692136,-44.633688,33.640444
GTCA,3,11.54191351,4.185123596,-42.752479,35.521653
GTTA,3,11.14275662,4.182477814,-42.954335,35.319797
GGCT,3,10.19378965,4.300149119,-52.700627,25.573505
GGTT,3,9.794632751,4.227161103,-52.902483,25.371649
GCCT,2,6.850365792,4.335615576,-55.020327,23.253805
GCTT,2,6.451208897,4.215917769,-55.222183,23.051949
GACT,3,9.032691502,4.38903644,-48.843696,29.430436
GATT,3,8.633534607,4.296366692,-49.045552,29.22858
GTCT,3,10.69148642,4.256790386,-47.164343,31.109789
GTTT,3,10.29232952,4.26015702,-47.366199,30.907933
AGGG,4,10.60152272,4.091890834,-63.072828,15.201304
AGAG,3,7.897416324,4.212877566,-68.69656,9.577572
ACGG,3,7.258098863,3.990763859,-65.392528,12.881604
ACAG,2,4.55399247,4.096516625,-71.01626,7.257872
AAGG,4,9.440424573,4.148101553,-59.215897,19.058235
AAAG,3,6.73631818,3.686391438,-64.839629,13.434503
ATGG,4,11.09921949,3.393996796,-57.536544,20.737588
ATAG,3,8.395113095,3.52805918,-63.160276,15.113856
AGGC,3,6.553539904,3.202186586,-68.034872,10.23926
AGAC,2,3.849433511,3.309957701,-73.658604,4.615528
ACGC,2,3.21011605,2.888666469,-70.354572,7.91956
ACAC,1,0.506009657,0.506009657,-75.978305,2.295827
AAGC,3,5.39244176,2.723801442,-64.177941,14.096191
AAAC,2,2.688335367,2.408900577,-69.801673,8.472459
ATGC,3,7.051236675,3.507050337,-62.498588,15.775544
ATAC,2,4.347130282,3.90266645,-68.122321,10.151811
AGGA,4,10.67822562,4.193394732,-53.844576,24.429556
AGAA,3,7.97411923,4.187735272,-59.468308,18.805824
ACGA,3,7.334801769,4.168757742,-56.164276,22.109856
ACAA,2,4.630695376,4.205993778,-61.788008,16.486124
AAGA,4,9.517127479,4.299194854,-49.987645,28.286487
AAAA,3,6.813021086,4.030019737,-55.611377,22.662755
ATGA,4,11.17592239,4.107560071,-48.308292,29.96584
ATAA,3,8.471816001,4.147462537,-53.932024,24.342108
AGGT,4,9.82779853,4.039752823,-58.25644,20.017692
AGAT,3,7.123692137,3.998076982,-63.880172,14.39396
ACGT,3,6.484374676,3.865034972,-60.57614,17.697992
ACAT,2,3.780268283,3.092511775,-66.199872,12.07426
AAGT,4,8.666700386,3.834003698,-54.399509,23.874623
AAAT,3,5.962593993,4.035548566,-60.023241,18.250891
ATGT,4,10.3254953,3.962728708,-52.720156,25.553976
ATAT,3,7.621388908,4.220862216,-58.343888,19.930244
AGCG,4,11.47352349,4.278293299,-57.374734,20.899398
AGTG,4,11.0743666,3.849729238,-57.57659,20.697542
ACCG,3,8.130099636,4.054117948,-59.694435,18.579697
ACTG,3,7.730942741,4.150697396,-59.89629,18.377842
AACG,4,10.31242535,4.069435424,-53.517803,24.756329
AATG,4,9.913268451,3.904614336,-53.719659,24.554473
ATCG,4,11.97122026,3.927785536,-51.83845,26.435682
ATTG,4,11.57206337,3.929657982,-52.040306,26.233826
AGCC,3,7.425540677,4.044635288,-62.336779,15.937353
AGTC,3,7.026383782,3.812049465,-62.538635,15.735497
ACCC,2,4.082116823,3.67715084,-64.656479,13.617653
ACTC,2,3.682959928,3.345402628,-64.858335,13.415797
AACC,3,6.264442533,3.900955584,-58.479848,19.794284
AATC,3,5.865285638,4.82608509,-58.681703,19.592429
ATCC,3,7.923237448,4.24991196,-56.800495,21.473637
ATTC,3,7.524080553,4.641208264,-57.002351,21.271781
AGCA,4,11.5502264,4.470442249,-48.146483,30.127649
AGTA,4,11.1510695,4.326217559,-48.348338,29.925794
ACCA,3,8.206802542,4.09775538,-50.466183,27.807949
ACTA,3,7.807645647,4.377806258,-50.668038,27.606094
AACA,4,10.38912825,4.140522351,-44.289551,33.984581
AATA,4,9.989971357,4.123580614,-44.491407,33.782725
ATCA,4,12.04792317,4.40779809,-42.610199,35.663933
ATTA,4,11.64876627,4.339807533,-42.812054,35.462078
AGCT,4,10.6997993,4.341974997,-52.558347,25.715785
AGTT,4,10.30064241,4.24932967,-52.760202,25.51393
ACCT,3,7.356375449,4.196996841,-54.878047,23.396085
ACTT,3,6.957218554,4.294298738,-55.079902,23.19423
AACT,4,9.538701159,4.254742645,-48.701415,29.572717
AATT,4,9.139544264,4.281907626,-48.903271,29.370861
ATCT,4,11.19749607,4.315144773,-47.022063,31.252069
ATTT,4,10.79833918,4.32435578,-47.223918,31.050214
CGGG,4,10.65268259,3.948801663,-65.368655,12.905477
CGAG,3,7.948576193,4.176388808,-70.992387,7.281745
CCGG,3,7.309258732,4.088839,-67.688355,10.585777
CCAG,2,4.605152339,4.098764975,-73.312087,4.962045
CAGG,4,9.491584442,3.886916745,-61.511724,16.762408
CAAG,3,6.787478049,3.883752204,-67.135456,11.138676
CTGG,4,11.15037936,3.792999964,-59.832371,18.441761
CTAG,3,8.446272964,3.635885864,-65.456103,12.818029
CGGC,3,6.604699773,3.070702805,-70.330699,7.943433
CGAC,2,3.90059338,2.860956535,-75.954431,2.319701
CCGC,2,3.261275919,2.419808319,-72.650399,5.623733
CCAC,1,0.557169526,0.557169526,-78.274132,0
CAGC,3,5.443601629,2.552980266,-66.473768,11.800364
CAAC,2,2.739495236,2.428595527,-72.0975,6.176632
CTGC,3,7.102396544,3.630758164,-64.794415,13.479717
CTAC,2,4.398290151,3.834154189,-70.418147,7.855985
CGGA,4,10.72938549,4.268622178,-56.140403,22.133729
CGAA,3,8.025279099,4.355840414,-61.764135,16.509997
CCGA,3,7.385961638,4.374130801,-58.460103,19.814029
CCAA,2,4.681855245,4.375277869,-64.083835,14.190297
CAGA,4,9.568287348,4.39847127,-52.283472,25.99066
CAAA,3,6.864180955,3.969948397,-57.907204,20.366928
CTGA,4,11.22708226,4.025375428,-50.604119,27.670013
CTAA,3,8.52297587,4.001063242,-56.227851,22.046281
CGGT,4,9.878958399,3.957770327,-60.552267,17.721865
CGAT,3,7.174852006,3.931687914,-66.175999,12.098133
CCGT,3,6.535534545,3.68703737,-62.871967,15.402165
CCAT,2,3.831428152,3.168649733,-68.495699,9.778433
CAGT,4,8.717860255,3.923149465,-56.695336,21.578796
CAAT,3,6.013753862,3.89396084,-62.319068,15.955064
CTGT,4,10.37665517,4.086469682,-55.015983,23.258149
CTAT,3,7.672548777,4.110139161,-60.639715,17.634417
CGCG,4,11.52468336,4.189138724,-59.670561,18.603571
CGTG,4,11.12552646,3.887703299,-59.872417,18.401715
CCCG,3,8.181259505,4.050767083,-61.990261,16.283871
CCTG,3,7.78210261,4.141657791,-62.192117,16.082015
CACG,4,10.36358522,3.195976898,-55.81363,22.460502
CATG,4,9.96442832,3.845860556,-56.015486,22.258646
CTCG,4,12.02238013,4.074670081,-54.134277,24.139855
CTTG,4,11.62322324,3.979309666,-54.336133,23.937999
CGCC,3,7.476700546,4.018336451,-64.632606,13.641526
CGTC,3,7.077543651,3.584357891,-64.834462,13.43967
CCCC,2,4.133276692,3.240727418,-66.952306,11.321826
CCTC,2,3.734119797,2.808245228,-67.154162,11.11997
CACC,3,6.315602402,3.231888981,-60.775675,17.498457
CATC,3,5.916445507,3.190585646,-60.97753,17.296602
CTCC,3,7.974397317,4.146583806,-59.096322,19.17781
CTTC,3,7.575240422,4.262538624,-59.298178,18.975954
CGCA,4,11.60138627,4.452808536,-50.44231,27.831822
CGTA,4,11.20222937,4.317771787,-50.644165,27.629967
CCCA,3,8.257962411,4.409039707,-52.76201,25.512122
CCTA,3,7.858805516,4.415246316,-52.963865,25.310267
CACA,4,10.44028812,4.11134834,-46.585378,31.688754
CATA,4,10.04113123,4.279277679,-46.787234,31.486898
CTCA,4,12.09908304,4.38138786,-44.906026,33.368106
CTTA,4,11.69992614,4.073483296,-45.107881,33.166251
CGCT,4,10.75095917,4.28556594,-54.854174,23.419958
CGTT,4,10.35180228,4.067919845,-55.056029,23.218103
CCCT,3,7.407535318,3.999882401,-57.173874,21.100258
CCTT,3,7.008378423,4.132831688,-57.375729,20.898403
CACT,4,9.589861028,3.939485675,-50.997242,27.27689
CATT,4,9.190704133,4.041070201,-51.199098,27.075034
CTCT,4,11.24865594,4.155334894,-49.31789,28.956242
CTTT,4,10.84949905,4.150627615,-49.519745,28.754387
TGGG,4,11.38134248,3.919930041,-59.052282,19.22185
TGAG,3,8.67723609,4.002007748,-64.676014,13.598118
TCGG,3,8.037918629,3.977909593,-61.371982,16.90215
TCAG,2,5.333812236,3.948666838,-66.995714,11.278418
TAGG,4,10.22024434,3.756034938,-55.195351,23.078781
TAAG,3,7.516137946,3.745363584,-60.819083,17.455049
TTGG,4,11.87903925,3.453095389,-53.515998,24.758134
TTAG,3,9.174932861,3.634410406,-59.13973,19.134402
TGGC,3,7.33335967,3.528917687,-64.014326,14.259806
TGAC,2,4.629253277,3.477348233,-69.638059,8.636073
TCGC,2,3.989935816,3.084712942,-66.334027,11.940105
TCAC,1,1.285829423,1.285829423,-71.957759,6.316373
TAGC,3,6.172261526,2.43668995,-60.157395,18.116737
TAAC,2,3.468155133,3.451710076,-65.781127,12.493005
TTGC,3,7.831056441,3.938960395,-58.478043,19.796089
TTAC,2,5.126950048,4.016863351,-64.101775,14.172357
TGGA,4,11.45804539,4.071304749,-49.82403,28.450102
TGAA,3,8.753938996,4.060373407,-55.447762,22.82637
TCGA,3,8.114621535,4.124019225,-52.14373,26.130402
TCAA,2,5.410515142,4.178934911,-57.767462,20.50667
TAGA,4,10.29694725,4.234842889,-45.967099,32.307033
TAAA,3,7.592840852,4.162183129,-51.590831,26.683301
TTGA,4,11.95574216,4.235839579,-44.287746,33.986386
TTAA,3,9.251635767,4.202962087,-49.911478,28.362654
TGGT,4,10.6076183,4.019363589,-54.235894,24.038238
TGAT,3,7.903511903,4.051534093,-59.859626,18.414506
TCGT,3,7.264194442,4.057905801,-56.555594,21.718538
TCAT,2,4.560088049,3.785801751,-62.179326,16.094806
TAGT,4,9.446520152,4.197880351,-50.378963,27.895169
TAAT,3,6.742413759,3.907968377,-56.002695,22.271437
TTGT,4,11.10531507,3.834330104,-48.69961,29.574522
TTAT,3,8.401208674,3.892248674,-54.323342,23.95079
TGCG,4,12.25334326,3.874153274,-53.354189,24.919943
TGTG,4,11.85418636,3.668406134,-53.556044,24.718088
TCCG,3,8.909919402,4.031393647,-55.673889,22.600243
TCTG,3,8.510762507,3.912554385,-55.875744,22.398388
TACG,4,11.09224511,4.08797079,-49.497257,28.776875
TATG,4,10.69308822,3.937449618,-49.699113,28.575019
TTCG,4,12.75104003,4.022083061,-47.817905,30.456227
TTTG,4,12.35188313,3.927337752,-48.01976,30.254372
TGCC,3,8.205360443,3.995006489,-58.316233,19.957899
TGTC,3,7.806203548,3.824216102,-58.518089,19.756043
TCCC,2,4.861936589,3.661351292,-60.635933,17.638199
TCTC,2,4.462779694,3.42889373,-60.837789,17.436343
TACC,3,7.044262299,3.994941649,-54.459302,23.81483
TATC,3,6.645105404,3.928277777,-54.661158,23.612974
TTCC,3,8.703057214,4.129534182,-52.779949,25.494183
TTTC,3,8.303900319,4.187490449,-52.981805,25.292327
TGCA,4,12.33004616,4.220193848,-44.125937,34.148195
TGTA,4,11.93088927,4.076695097,-44.327792,33.94634
TCCA,3,8.986622308,4.126057641,-46.445637,31.828495
TCTA,3,8.587465413,4.167437557,-46.647492,31.62664
TACA,4,11.16894802,4.135446504,-40.269005,38.005127
TATA,4,10.76979112,4.111761152,-40.470861,37.803271
TTCA,4,12.82774293,4.104868067,-38.589653,39.684479
TTTA,4,12.42858604,4.16598333,-38.791508,39.482624
TGCT,4,11.47961907,4.157038299,-48.537801,29.736331
TGTT,4,11.08046217,4.222740937,-48.739656,29.534476
TCCT,3,8.136195215,4.314390405,-50.857501,27.416631
TCTT,3,7.73703832,4.207263006,-51.059356,27.214776
TACT,4,10.31852093,4.22316717,-44.68087,33.593262
TATT,4,9.91936403,4.194464191,-44.882725,33.391407
TTCT,4,11.97731584,4.075957479,-43.001517,35.272615
TTTT,4,11.57815895,3.902894929,-43.203372,35.07076