ID,motif,KD,mitomi,mitomi_kt,IDEA,IDEA_n,IDEA_CATH,IDEA_CATH_n,rCLAMPS,rCLAMPS_n
native,GCG,4.20E-09,-8.37675071,0,-84.810885,4.830952,-66.161989,5.645006,-2.181279,1.736262
Zif268_F1-­‐ACG,ACG,0.000000455,-6.341988603,4.685212894,-72.831629,16.810208,-56.02546,15.781535,-0.064551,3.85299
Zif268_F1-­‐CCG,CCG,0.000000937,-6.028260409,5.407598757,-77.740469,11.901368,-57.387229,14.419766,-2.816086,1.101455
Zif268_F1-­‐GAG,GAG,2.36E-08,-7.627087997,1.726162187,-77.727835,11.914002,-63.083725,8.72327,-1.556227,2.361314
Zif268_F1-­‐GCA,GCA,8.92E-08,-7.049635146,3.055796514,-79.712092,9.929745,-64.633177,7.173818,-1.682125,2.235416
Zif268_F1-­‐GCC,GCC,0.000000141,-6.850780887,3.513675365,-82.059775,7.582062,-65.448315,6.35868,-1.492931,2.42461
Zif268_F1-­‐GCT,GCT,0.000000073,-7.13667714,2.855374916,-78.342574,11.299263,-60.772959,11.034036,-0.878723,3.038818
Zif268_F1-­‐GGG,GGG,0.000000148,-6.829738285,3.562127748,-88.626379,1.015458,-69.632482,2.174513,-2.577523,1.340018
Zif268_F1-­‐GTG,GTG,1.74E-08,-7.759450752,1.421385681,-85.082557,4.55928,-62.505997,9.300998,-1.535597,2.381944
Zif268_F1-­‐TCG,TCG,0.000000263,-6.580044252,4.137069507,-78.929653,10.712184,-56.26544,15.541555,-1.106023,2.811518
Zif268_F2-­‐AGG,AGG,0.000000148,-6.829738285,3.562127748,-70.501242,19.140595,-59.066515,12.74048,-1.352846,2.564695
Zif268_F2-­‐CGG,CGG,0.000000107,-6.970616222,3.237744309,-79.323207,10.31863,-63.240247,8.566748,-3.332207,0.585334
Zif268_F2-­‐GGG,GGG,7.47E-09,-8.126679398,0.575810474,-81.598567,8.04327,-68.149478,3.657517,-2.771883,1.145658
Zif268_F2-­‐TAG,TAG,1.86E-08,-7.730487056,1.488077055,-63.24547,26.396367,-50.546108,21.260887,-0.778372,3.139169
Zif268_F2-­‐TCG,TCG,0.000000272,-6.565431096,4.170717541,-72.432157,17.20968,-53.126489,18.680506,-3.642338,0.275203
Zif268_F2-­‐TGA,TGA,0.000000767,-6.115204636,5.207402276,-62.992228,26.649609,-53.949422,17.857573,-0.46912,3.448421
Zif268_F2-­‐TGC,TGC,0.000000994,-6.002613616,5.466652681,-66.441384,23.200453,-50.024991,21.782004,-2.507313,1.410228
Zif268_F2-­‐TGT,TGT,0.00000124,-5.906578315,5.687782133,-60.310796,29.331041,-43.301467,28.505528,-0.874907,3.042634
Zif268_F2-­‐TTG,TTG,0.000000139,-6.8569852,3.499389408,-68.468602,21.173235,-49.958884,21.848111,-1.974017,1.943524
Zif268_F3-­‐ACG,ACG,6.20E-09,-8.207608311,0.389464767,-81.639911,8.001926,-62.936202,8.870793,-1.35285,2.564691
Zif268_F3-­‐CCG,CCG,3.46E-08,-7.460923901,2.108769157,-83.285866,6.355971,-63.543623,8.263372,-2.479638,1.437903
Zif268_F3-­‐GAG,GAG,3.07E-08,-7.512861625,1.989178129,-80.768609,8.873228,-62.183547,9.623448,0.362834,4.280375
Zif268_F3-­‐GCA,GCA,0.000000493,-6.307153081,4.765424649,-70.662081,18.979756,-53.615586,18.191409,-1.668282,2.249259
Zif268_F3-­‐GCC,GCC,0.000000863,-6.063989204,5.325330166,-74.899115,14.742722,-56.441859,15.365136,-3.917541,0
Zif268_F3-­‐GCT,GCT,0.00000132,-5.879426069,5.75030249,-71.379027,18.26281,-54.393945,17.41305,-3.349016,0.568525
Zif268_F3-­‐GGG,GGG,4.47E-08,-7.349692477,2.364888976,-89.641837,0,-71.806995,0,-0.580189,3.337352
Zif268_F3-­‐GTG,GTG,1.76E-08,-7.754487332,1.432814377,-77.893063,11.748774,-62.952066,8.854929,-1.477514,2.440027
Zif268_F3-­‐TCG,TCG,2.32E-08,-7.634512015,1.709067753,-85.36524,4.276597,-65.175373,6.631622,-1.781122,2.136419