Sequence,isoA,4h10_DNA1000Protein10000,5i50_DNA1000Protein10000,1an2_DNA1000Protein10000,6od3_DNA1000Protein10000,1an4_DNA1000Protein10000,6od4_DNA1000Protein10000,1a0a_DNA1000Protein10000,4atk_DNA1000Protein10000,1nkp_DNA1000Protein10000,1nlw_DNA1000Protein10000,6g1l_DNA1000Protein10000,4h10_DNA100Protein1000,5i50_DNA100Protein1000,1an2_DNA100Protein1000,6od3_DNA100Protein1000,1an4_DNA100Protein1000,6od4_DNA100Protein1000,1a0a_DNA100Protein1000,4atk_DNA100Protein1000,1nkp_DNA100Protein1000,1nlw_DNA100Protein1000,6g1l_DNA100Protein1000,4h10_DNA1000Protein1000,5i50_DNA1000Protein1000,1an2_DNA1000Protein1000,6od3_DNA1000Protein1000,1an4_DNA1000Protein1000,6od4_DNA1000Protein1000,1a0a_DNA1000Protein1000,4atk_DNA1000Protein1000,1nkp_DNA1000Protein1000,1nlw_DNA1000Protein1000,6g1l_DNA1000Protein1000
GGGG,2.580144682,-45.522519,-19.4549,16.392505,-47.308602,-55.593889,-37.358586,-63.215109,-75.123709,-65.302404,-65.028838,-66.379299,-47.391472,-16.36741,30.261057,-49.641662,-44.351986,-34.058309,-65.747797,-75.452376,-76.152853,-64.404486,-65.600428,-26.644684,-23.009529,-28.647434,-19.253793,-23.212938,-17.026809,-33.794179,-28.3357,-29.845073,-23.16107,-13.825919
GGAG,2.964482398,-53.467436,-26.062026,9.28651,-66.551913,-64.897879,-55.528634,-68.838841,-86.200923,-74.109987,-75.763933,-86.790044,-50.092613,-20.509783,20.387965,-68.290285,-52.061844,-50.931416,-70.837681,-87.800467,-89.45318,-76.137224,-88.449399,-30.42342,-27.658348,-27.915762,-27.405647,-28.317753,-26.090116,-37.894128,-33.138519,-33.515007,-28.342798,-21.692659
GCGG,2.817935066,-55.34364,-35.731246,1.254333,-69.127655,-65.787284,-63.096582,-65.534809,-85.067313,-77.225067,-74.014631,-81.071998,-58.88389,-33.79644,12.980717,-75.378084,-57.374435,-66.881077,-69.245903,-84.729899,-89.148984,-74.665629,-82.560665,-31.595379,-31.777166,-38.272713,-29.713914,-27.292461,-29.479793,-36.541192,-32.183182,-36.769088,-29.349518,-19.579335
GAGG,2.865979624,-54.443744,-23.503585,7.895482,-54.09407,-48.619946,-48.27371,-59.358178,-77.842468,-66.797609,-70.132938,-75.564299,-54.965729,-18.573933,16.146635,-55.694817,-39.345399,-48.502679,-57.811668,-82.002204,-79.572877,-70.556115,-78.105043,-30.28223,-24.877598,-32.627973,-22.553703,-21.204245,-22.456802,-33.59016,-29.335806,-30.293995,-25.305197,-13.15545
GAAG,2.84468115,-62.38866,-30.110711,0.789487,-73.337382,-57.923937,-66.443758,-64.98191,-88.919682,-75.605192,-80.868033,-95.975044,-57.666871,-22.716306,6.273543,-74.34344,-47.055257,-65.375786,-62.901552,-94.350295,-92.873203,-82.288854,-100.954014,-34.060966,-29.526417,-31.896301,-30.705557,-26.30906,-31.520109,-37.690109,-34.138625,-33.963928,-30.486924,-21.02219
GTGG,2.724098983,-57.636166,-27.296619,16.332599,-58.858266,-53.89941,-51.254274,-57.678825,-66.104094,-65.056018,-64.646547,-71.844339,-58.420461,-22.323276,28.596815,-63.523637,-42.093062,-54.13575,-56.867236,-65.568757,-77.117802,-65.340274,-72.145031,-29.037146,-24.527688,-25.528515,-21.326757,-20.803779,-20.717532,-32.018032,-23.502656,-27.965753,-21.862384,-9.627002
GTAG,2.834404587,-65.581083,-33.903745,9.226604,-78.101578,-63.2034,-69.424322,-63.302557,-77.181308,-73.863601,-75.381642,-92.255084,-61.121603,-26.465648,18.723723,-82.17226,-49.802921,-71.008857,-61.95712,-77.916848,-90.418128,-77.073012,-94.994001,-32.815882,-29.176508,-24.796843,-29.478611,-25.908595,-29.780839,-36.117982,-28.305475,-31.635687,-27.044111,-17.493742
GGGC,2.099823484,-62.719926,-31.96995,-9.36189,-71.622987,-69.705449,-66.182253,-68.177153,-92.020756,-97.27969,-81.951834,-85.731126,-64.639001,-30.166507,1.549486,-78.546886,-58.49001,-67.17641,-72.642476,-92.451811,-110.51578,-80.883798,-87.390745,-39.093972,-29.670765,-39.585485,-30.177046,-30.292886,-30.022167,-39.526143,-35.822563,-44.165496,-32.592706,-28.321104
GGAC,2.479258401,-70.664843,-38.577075,-16.467885,-90.866299,-79.009439,-84.352301,-73.800885,-103.09797,-106.087273,-92.686929,-106.141871,-67.340143,-34.30888,-8.323606,-97.195509,-66.199868,-84.049517,-77.73236,-104.799902,-123.816106,-92.616536,-110.239716,-42.872708,-34.319584,-38.853813,-38.3289,-35.397702,-39.085474,-43.626092,-40.625383,-47.83543,-37.774433,-36.187844
GCGC,1.254472389,-72.541047,-48.246296,-24.500061,-93.44204,-79.898844,-91.920249,-70.496853,-101.96436,-109.202353,-90.937626,-100.423826,-76.13142,-47.595537,-15.730853,-104.283308,-71.512458,-99.999178,-76.140582,-101.729333,-123.51191,-91.144941,-104.350982,-44.044667,-38.438402,-49.210764,-40.637167,-34.37241,-42.475151,-42.273156,-39.670046,-51.089511,-38.781154,-34.07452
GCAC,0.310231727,-80.485964,-54.853421,-31.606056,-112.685352,-89.202834,-110.090298,-76.120585,-113.041574,-118.009936,-101.672721,-120.83457,-78.832562,-51.73791,-25.603945,-122.931931,-79.222317,-116.872285,-81.230466,-114.077425,-136.812237,-102.877679,-127.199952,-47.823404,-43.087221,-48.479092,-48.789021,-39.477225,-51.538458,-46.373105,-44.472865,-54.759445,-43.962881,-41.94126
GAGC,1.653424467,-71.641151,-36.018634,-17.858912,-78.408455,-62.731506,-77.097377,-64.320222,-94.739516,-98.774895,-87.055934,-94.916126,-72.213259,-32.37303,-12.564935,-84.600041,-53.483422,-81.620781,-64.706347,-99.001639,-113.935803,-87.035427,-99.89536,-42.731518,-31.538833,-43.566024,-33.476957,-28.284193,-35.45216,-39.322124,-36.82267,-44.614418,-34.736832,-27.650635
GAAC,1.639682572,-79.586067,-42.62576,-24.964907,-97.651767,-72.035496,-95.267425,-69.943954,-105.81673,-107.582478,-97.791029,-115.326871,-74.914401,-36.515403,-22.438027,-103.248664,-61.193281,-98.493888,-69.796231,-111.34973,-127.23613,-98.768166,-122.744331,-46.510255,-36.187653,-42.834352,-41.628811,-33.389009,-44.515467,-43.422073,-41.625489,-48.284351,-39.91856,-35.517375
GTGC,2.100159171,-74.833573,-39.811669,-9.421796,-83.172652,-68.01097,-80.07794,-62.640869,-83.001141,-97.033304,-81.569542,-91.196166,-75.667991,-36.122373,-0.114756,-92.428861,-56.231086,-87.253852,-63.761915,-82.568191,-111.480728,-81.819585,-93.935348,-41.486434,-31.188924,-36.466566,-32.25001,-27.883727,-33.71289,-37.749997,-30.989519,-42.286177,-31.294019,-24.122187
GTAC,2.794235924,-82.77849,-46.418794,-16.527791,-102.415963,-77.31496,-98.247989,-68.264601,-94.078355,-105.840887,-92.304637,-111.606911,-78.369132,-40.264746,-9.987848,-111.077484,-63.940944,-104.126958,-68.851799,-94.916283,-124.781055,-93.552324,-116.784318,-45.265171,-35.837743,-35.734894,-40.401864,-32.988543,-42.776198,-41.849946,-35.792338,-45.95611,-36.475747,-31.988927
GGGA,2.90561624,-39.648021,-23.202428,17.289365,-51.522824,-51.380764,-40.584247,-53.986857,-71.248834,-65.762748,-61.20606,-65.761628,-40.062151,-18.259741,31.113308,-52.873434,-41.394322,-38.544779,-55.136439,-75.352728,-76.671097,-63.396412,-68.947916,-25.341098,-25.218051,-26.440496,-20.744012,-21.594475,-18.036746,-31.475039,-27.974248,-31.4038,-23.202215,-14.972363
GGAA,3.016263338,-47.592938,-29.809554,10.18337,-70.766135,-60.684755,-58.754296,-59.610589,-82.326048,-74.570331,-71.941155,-86.172373,-42.763293,-22.402113,21.240216,-71.522057,-49.10418,-55.417886,-60.226324,-87.700819,-89.971424,-75.12915,-91.796887,-29.119834,-29.86687,-25.708824,-28.895866,-26.699291,-27.100053,-35.574988,-32.777067,-35.073734,-28.383943,-22.839103
GCGA,2.77348854,-49.469142,-39.478774,2.151194,-73.341876,-61.57416,-66.322244,-56.306557,-81.192438,-77.685411,-70.191852,-80.454327,-51.55457,-35.68877,13.832969,-78.609856,-54.41677,-71.367547,-58.634546,-84.63025,-89.667228,-73.657555,-85.908153,-30.291793,-33.985688,-36.065775,-31.204133,-25.673999,-30.48973,-34.222052,-31.82173,-38.327815,-29.390663,-20.725778
GCAA,2.71136251,-57.414059,-46.085899,-4.954801,-92.585188,-70.87815,-84.492292,-61.930289,-92.269652,-86.492994,-80.926947,-100.865072,-54.255711,-39.831143,3.959877,-97.258479,-62.126628,-88.240654,-63.72443,-96.978342,-102.967555,-85.390294,-108.757124,-34.07053,-38.634508,-35.334103,-39.355987,-30.778814,-39.553037,-38.322001,-36.624549,-41.997748,-34.572391,-28.592518
GAGA,2.863211807,-48.569245,-27.251113,8.792343,-58.308292,-44.406822,-51.499371,-50.129926,-73.967594,-67.257953,-66.31016,-74.946628,-47.636409,-20.466264,16.998887,-58.926589,-36.387734,-52.989149,-47.200311,-81.902556,-80.091121,-69.548042,-81.452532,-28.978644,-27.08612,-30.421035,-24.043922,-19.585782,-23.466739,-31.27102,-28.974354,-31.852722,-25.346342,-14.301894
GAAA,3.031846688,-56.514162,-33.858238,1.686348,-77.551603,-53.710812,-69.669419,-55.753658,-85.044807,-76.065536,-77.045254,-95.357373,-50.33755,-24.608636,7.125795,-77.575212,-44.097593,-69.862256,-52.290195,-94.250647,-93.391447,-81.28078,-104.301502,-32.757381,-31.734939,-29.689363,-32.195776,-24.690598,-32.530046,-35.370969,-33.777173,-35.522655,-30.52807,-22.168634
GTGA,2.950119136,-51.761668,-31.044147,17.229459,-63.072488,-49.686285,-54.479935,-48.450573,-62.229219,-65.516362,-60.823768,-71.226668,-51.09114,-24.215606,29.449066,-66.755409,-39.135398,-58.62222,-46.255878,-65.469108,-77.636046,-64.3322,-75.492519,-27.73356,-26.73621,-23.321577,-22.816976,-19.185316,-21.727469,-29.698892,-23.141203,-29.52448,-21.903529,-10.773446
GTAA,3.079779192,-59.706585,-37.651273,10.123464,-82.3158,-58.990276,-72.649983,-54.074305,-73.306433,-74.323945,-71.558863,-91.637412,-53.792282,-28.357979,19.575974,-85.404032,-46.845256,-75.495327,-51.345762,-77.8172,-90.936372,-76.064938,-98.34149,-31.512296,-31.38503,-22.589906,-30.96883,-24.290132,-30.790776,-33.798841,-27.944023,-33.194414,-27.085257,-18.640186
GGGT,2.718601759,-51.073938,-24.428659,15.200047,-66.21276,-52.529497,-55.766908,-58.398721,-70.559452,-68.488798,-65.817778,-66.490806,-51.312571,-21.606881,29.753109,-71.412871,-38.771917,-55.405913,-61.078816,-73.624762,-79.013884,-67.807757,-68.040315,-27.824185,-23.911138,-26.647575,-24.331289,-21.676122,-22.187752,-34.327745,-27.811174,-30.870265,-25.530358,-15.757596
GGAT,2.93062193,-59.018854,-31.035784,8.094052,-85.456072,-61.833487,-73.936957,-64.022453,-81.636666,-77.29638,-76.552873,-86.90155,-54.013712,-25.749253,19.880017,-90.061495,-46.481776,-72.27902,-66.1687,-85.972853,-92.31421,-79.540496,-90.889285,-31.602922,-28.559958,-25.915903,-32.483143,-26.780938,-31.251059,-38.427694,-32.613993,-34.540198,-30.712086,-23.624336
GCGT,2.373267019,-60.895058,-40.705005,0.061875,-88.031813,-62.722892,-81.504904,-60.718421,-80.503057,-80.41146,-74.803571,-81.183505,-62.804989,-39.03591,12.472769,-97.149293,-51.794366,-88.228682,-64.576922,-82.902284,-92.010015,-78.068901,-85.000552,-32.774881,-32.678775,-36.272854,-34.79141,-25.755645,-34.640735,-37.074758,-31.658657,-37.794279,-31.718806,-21.511011
GCAT,1.535612195,-68.839975,-47.31213,-7.04412,-107.275124,-72.026883,-99.674953,-66.342153,-91.58027,-89.219043,-85.538666,-101.59425,-65.506131,-43.178283,2.599677,-115.797916,-59.504224,-105.101789,-69.666806,-95.250375,-105.310341,-89.801639,-107.849522,-36.553618,-37.327595,-35.541182,-42.943264,-30.860461,-43.704043,-41.174707,-36.461476,-41.464213,-36.900534,-29.377751
GAGT,2.692004917,-59.995162,-28.477343,6.703024,-72.998228,-45.555554,-66.682032,-54.54179,-73.278212,-69.984003,-70.921878,-75.675806,-58.886828,-23.813404,15.638687,-77.466026,-33.76533,-69.850284,-53.142687,-80.17459,-82.433907,-73.959387,-80.54493,-31.461732,-25.779207,-30.628114,-27.631199,-19.667429,-27.617745,-34.123726,-28.811281,-31.319186,-27.674485,-15.087127
GAAT,2.633435649,-67.940078,-35.084469,-0.402971,-92.24154,-54.859545,-84.85208,-60.165522,-84.355426,-78.791585,-81.656973,-96.08655,-61.58797,-27.955776,5.765595,-96.11465,-41.475188,-86.723391,-58.232571,-92.522681,-95.734234,-85.692125,-103.393901,-35.240468,-30.428026,-29.896443,-35.783053,-24.772244,-36.681052,-38.223675,-33.6141,-34.98912,-32.856212,-22.953867
GTGT,2.702863898,-63.187584,-32.270378,15.140141,-77.762424,-50.835018,-69.662596,-52.862437,-61.539837,-68.242412,-65.435487,-71.955845,-62.34156,-27.562746,28.088867,-85.294846,-36.512994,-75.483355,-52.198255,-63.741142,-79.978832,-68.743545,-74.584917,-30.216648,-25.429297,-23.528656,-26.404253,-19.266963,-25.878475,-32.551598,-22.97813,-28.990945,-24.231672,-11.558679
GTAT,3.144076836,-71.132501,-38.877503,8.034146,-97.005736,-60.139008,-87.832644,-58.486169,-72.617051,-77.049995,-76.170582,-92.36659,-65.042701,-31.705119,18.215775,-103.943469,-44.222852,-92.356462,-57.288139,-76.089233,-93.279159,-80.476284,-97.433888,-33.995384,-30.078117,-22.796985,-34.556107,-24.371779,-34.941782,-36.651547,-27.780949,-32.660878,-29.4134,-19.425419
GGCG,3.167758811,-37.465244,-27.548924,-2.534309,-48.553761,-58.576341,-35.674816,-57.517015,-86.613193,-67.242157,-63.61063,-77.884581,-37.400589,-24.775381,10.710458,-55.014442,-46.415325,-35.095805,-61.753534,-82.995907,-76.525621,-62.21063,-75.488042,-24.784927,-26.864906,-44.209329,-20.44824,-25.026217,-16.671993,-32.675598,-32.567038,-31.164451,-23.389237,-21.631651
GGTG,2.975162716,-39.167653,-14.166411,33.580454,-39.66517,-50.475192,-24.496733,-57.718871,-70.367817,-55.249687,-56.126103,-65.593871,-40.144562,-11.216049,52.332722,-42.791836,-36.828932,-22.456898,-60.109167,-68.046905,-63.547707,-58.29216,-61.062454,-25.631973,-23.400784,-19.95265,-17.010758,-21.485038,-13.222957,-32.423764,-28.023091,-28.201302,-22.082743,-14.073953
GCCG,3.039780977,-47.286365,-43.82527,-17.672481,-70.372813,-68.769737,-61.412813,-59.836715,-96.556797,-79.16482,-72.596423,-92.57728,-48.893008,-42.204411,-6.569882,-80.750864,-59.437774,-67.918573,-65.251641,-92.27343,-89.521752,-72.471774,-92.448279,-29.735623,-35.632543,-53.834608,-30.908361,-29.10574,-29.124977,-35.422611,-36.41452,-38.088466,-29.577685,-27.385067
GCTG,2.88249569,-48.988774,-30.442756,18.442282,-61.484223,-60.668587,-50.234729,-60.038571,-80.311421,-67.17235,-65.111896,-80.286571,-51.636981,-28.645079,35.052383,-68.528258,-49.85138,-55.279666,-63.607273,-77.324427,-76.543838,-68.553303,-78.022691,-30.582669,-32.168422,-29.577929,-27.470879,-25.564561,-25.675941,-35.170777,-31.870574,-35.125316,-28.271191,-19.827368
GACG,3.102646844,-46.386468,-31.597609,-11.031332,-55.339229,-51.602399,-46.58994,-53.660084,-89.331952,-68.737362,-68.71473,-87.069581,-44.974847,-26.981904,-3.403964,-61.067597,-41.408738,-49.540175,-53.817406,-89.545735,-79.945644,-68.36226,-87.992658,-28.422473,-28.732975,-48.189868,-23.74815,-23.017523,-22.101986,-32.471579,-33.567144,-31.613373,-25.533363,-20.961182
GATG,2.88925936,-48.088877,-18.215095,25.083431,-46.450638,-43.501249,-35.411857,-53.86194,-73.086577,-56.744892,-61.230203,-74.778871,-47.71882,-13.422572,38.218301,-48.844991,-31.822344,-36.901268,-52.173038,-74.596733,-66.967731,-64.443789,-73.56707,-29.26952,-25.268853,-23.93319,-20.310669,-19.476345,-18.65295,-32.219744,-29.023198,-28.650223,-24.226869,-13.403484
GTCG,3.080134293,-49.578891,-35.390643,-2.594215,-60.103425,-56.881862,-49.570504,-51.980731,-77.593578,-66.995771,-63.228339,-83.349621,-48.429579,-30.731247,9.046216,-68.896417,-44.156402,-55.173246,-52.872973,-73.112288,-77.49057,-63.146418,-82.032645,-27.177389,-28.383065,-41.09041,-22.521204,-22.617058,-20.362716,-30.899452,-27.733994,-29.285131,-22.090551,-17.432734
GTTG,3.057525747,-51.2813,-22.00813,33.520548,-51.214835,-48.780713,-38.392421,-52.182587,-61.348202,-55.003301,-55.743812,-71.058911,-51.173552,-17.171915,50.66848,-56.673811,-34.570008,-42.534339,-51.228606,-58.163285,-64.512656,-59.227947,-67.607057,-28.024436,-24.918944,-16.833732,-19.083722,-19.075879,-16.91368,-30.647617,-23.190047,-26.321982,-20.784056,-9.875036
GGCC,3.02169266,-54.662651,-40.063973,-28.288704,-72.868146,-72.687901,-64.498483,-62.47906,-103.51024,-99.219443,-80.533626,-97.236409,-54.648119,-38.574479,-18.001113,-83.919666,-60.553349,-68.213906,-68.648213,-99.995342,-110.888548,-78.689942,-97.278359,-37.234215,-33.526142,-55.14738,-31.371493,-32.106165,-29.667351,-38.407563,-40.053901,-45.484875,-32.820872,-36.126836
GGTC,2.797020441,-56.36506,-26.68146,7.826059,-63.979556,-64.586751,-53.3204,-62.680915,-87.264864,-87.226973,-73.049099,-84.945699,-57.392092,-25.015146,23.621152,-71.69706,-50.966955,-55.574999,-67.003846,-85.04634,-97.910634,-74.771472,-82.852771,-38.081262,-30.06202,-30.890701,-27.934012,-28.564986,-26.218315,-38.155728,-35.509955,-42.521725,-31.514378,-28.569138
GCCC,2.667313609,-64.483772,-56.340319,-43.426875,-94.687199,-82.881296,-90.23648,-64.79876,-113.453844,-111.142106,-89.519418,-111.929108,-66.140538,-56.003508,-35.281452,-109.656088,-73.575798,-101.036674,-72.14632,-109.272865,-123.884678,-88.951086,-114.238596,-42.184911,-42.293779,-64.772659,-41.831614,-36.185688,-42.120335,-41.154576,-43.901384,-52.408889,-39.00932,-41.880252
GCTC,2.001160756,-66.186181,-42.957806,-7.312112,-85.798608,-74.780147,-79.058396,-65.000615,-97.208469,-99.149636,-82.034891,-99.638398,-68.884511,-42.444176,6.340812,-97.433482,-63.989404,-88.397768,-70.501952,-94.323862,-110.906764,-85.032615,-99.813008,-43.031957,-38.829657,-40.515981,-38.394133,-32.64451,-38.671299,-40.902741,-39.357437,-49.44574,-37.702826,-34.322553
GACC,2.895330435,-63.583875,-44.112658,-36.785726,-79.653614,-65.713958,-75.413607,-58.622128,-106.229,-100.714648,-85.637726,-106.421409,-62.222377,-40.781002,-32.115534,-89.972821,-55.546762,-82.658276,-60.712085,-106.54517,-114.308571,-84.841572,-109.782975,-40.871762,-35.394211,-59.127919,-34.671404,-30.097472,-35.097345,-38.203543,-41.054008,-45.933796,-34.964999,-35.456367
GATC,2.490356163,-65.286284,-30.730145,-0.670963,-70.765024,-57.612809,-64.235524,-58.823984,-89.983624,-88.722178,-78.153199,-94.130699,-64.96635,-27.221669,9.50673,-77.750215,-45.960368,-70.01937,-59.067717,-91.596167,-101.330657,-80.923101,-95.357387,-41.718808,-31.930089,-34.871241,-31.233922,-26.556293,-31.648308,-37.951709,-36.510061,-42.970647,-33.658504,-27.898669
GTCC,2.9749613,-66.776298,-47.905692,-28.34861,-84.41781,-70.993422,-78.394171,-56.942776,-94.490625,-98.973057,-80.151334,-102.701448,-65.677108,-44.530344,-19.665355,-97.801641,-58.294426,-88.291347,-59.767652,-90.111722,-111.853496,-79.62573,-103.822962,-39.626678,-35.044301,-52.028462,-33.444457,-29.697006,-33.358075,-36.631416,-35.220857,-43.605555,-31.522186,-31.927919
GTTC,3.010040971,-68.478707,-34.523179,7.766153,-75.52922,-62.892273,-67.216088,-57.144631,-78.245249,-86.980587,-72.666807,-90.410739,-68.421081,-30.971012,21.95691,-85.579035,-48.708032,-75.652441,-58.123285,-75.16272,-98.875582,-75.707259,-89.397374,-40.473724,-31.580179,-27.771783,-30.006976,-26.155828,-29.909038,-36.379582,-30.676911,-40.642405,-30.215691,-24.370221
GGCA,3.12635578,-31.590746,-31.296452,-1.637449,-52.767982,-54.363217,-38.900478,-48.288763,-82.738318,-67.702501,-59.787852,-77.26691,-30.071269,-26.667712,11.562709,-58.246214,-43.457661,-39.582275,-51.142177,-82.896259,-77.043865,-61.202556,-78.835531,-23.481341,-29.073428,-42.002391,-21.938459,-23.407754,-17.68193,-30.356458,-32.205586,-32.723178,-23.430382,-22.778095
GGTA,3.138855574,-33.293155,-17.913938,34.477314,-43.879392,-46.262067,-27.722395,-48.490619,-66.492942,-55.710031,-52.303325,-64.9762,-32.815242,-13.10838,53.184974,-46.023608,-33.871267,-26.943368,-49.497809,-67.947257,-64.065951,-57.284086,-64.409943,-24.328387,-25.609306,-17.745712,-18.500977,-19.866575,-14.232894,-30.104624,-27.661639,-29.760029,-22.123888,-15.220396
GCCA,3.064358633,-41.411867,-47.572798,-16.77562,-74.587035,-64.556612,-64.638474,-50.608463,-92.681922,-79.625164,-68.773644,-91.959609,-41.563687,-44.096742,-5.71763,-83.982636,-56.48011,-72.405043,-54.640283,-92.173782,-90.039996,-71.4637,-95.795768,-28.432037,-37.841065,-51.62767,-32.39858,-27.487277,-30.134914,-33.103471,-36.053068,-39.647193,-29.61883,-28.53151
GCTA,3.118938438,-43.114276,-34.190284,19.339143,-65.698445,-56.455463,-53.460391,-50.810319,-76.436546,-67.632694,-61.289117,-79.668899,-44.30766,-30.537409,35.904634,-71.76003,-46.893716,-59.766136,-52.995915,-77.224779,-77.062082,-67.545229,-81.37018,-29.279083,-34.376944,-27.370992,-28.961098,-23.946099,-26.685878,-32.851636,-31.509122,-36.684043,-28.312336,-20.973812
GACA,3.037097625,-40.51197,-35.345136,-10.134471,-59.55345,-47.389274,-49.815602,-44.431832,-85.457078,-69.197706,-64.891951,-86.45191,-37.645526,-28.874235,-2.551712,-64.299369,-38.451074,-54.026645,-43.206048,-89.446087,-80.463889,-67.354186,-91.340146,-27.118888,-30.941497,-45.98293,-25.238369,-21.399061,-23.111923,-30.152439,-33.205692,-33.1721,-25.574509,-22.107626
GATA,3.036364273,-42.214379,-21.962623,25.980292,-50.66486,-39.288125,-38.637518,-44.633688,-69.211702,-57.205236,-57.407424,-74.1612,-40.389499,-15.314903,39.070552,-52.076763,-28.86468,-41.387739,-41.56168,-74.497084,-67.485975,-63.435716,-76.914558,-27.965934,-27.477375,-21.726252,-21.800888,-17.857882,-19.662887,-29.900604,-28.661746,-30.20895,-24.268014,-14.549927
GTCA,3.018584052,-43.704392,-39.138171,-1.697355,-64.317647,-52.668738,-52.796165,-42.752479,-73.718703,-67.456115,-59.40556,-82.73195,-41.100258,-32.623578,9.898467,-72.128189,-41.198737,-59.659716,-42.261616,-73.01264,-78.008814,-62.138344,-85.380133,-25.873803,-30.591587,-38.883473,-24.011423,-20.998595,-21.372653,-28.580312,-27.372542,-30.843858,-22.131696,-18.579178
GTTA,3.203708715,-45.406802,-25.755657,34.417408,-55.429057,-44.567588,-41.618082,-42.954335,-57.473327,-55.463645,-51.921033,-70.44124,-43.844231,-19.064245,51.520732,-59.905583,-31.612344,-47.02081,-40.617248,-58.063637,-65.0309,-58.219874,-70.954545,-26.72085,-27.127466,-14.626794,-20.573941,-17.457417,-17.923617,-28.328477,-22.828595,-27.880709,-20.825201,-11.021479
GGCT,3.182723206,-43.016662,-32.522683,-3.726767,-67.457919,-55.511949,-54.083139,-52.700627,-82.048936,-70.42855,-64.39957,-77.996088,-41.321688,-30.014852,10.20251,-76.785652,-40.835257,-56.443409,-57.084553,-81.168293,-79.386652,-65.613902,-77.927929,-25.964429,-27.766515,-42.20947,-25.525736,-23.489401,-21.832936,-33.209164,-32.042512,-32.189643,-25.758525,-23.563327
GGTT,3.153523276,-44.719071,-19.140169,32.387996,-58.569328,-47.4108,-42.905055,-52.902483,-65.803561,-58.436081,-56.915043,-65.705378,-44.065661,-16.455519,51.824774,-64.563045,-31.248863,-43.804503,-55.440186,-66.21929,-66.408738,-61.695431,-63.502341,-26.811475,-24.302394,-17.952792,-22.088254,-19.948222,-18.3839,-32.95733,-27.498566,-29.226494,-24.452031,-16.005629
GCCT,3.143936312,-52.837783,-48.799028,-18.864938,-89.276972,-65.705345,-79.821135,-55.020327,-91.992541,-82.351213,-73.385362,-92.688787,-52.814107,-47.443881,-7.07783,-102.522073,-53.857705,-89.266178,-60.58266,-90.445815,-92.382783,-75.875045,-94.888166,-30.915125,-36.534153,-51.834749,-35.985857,-27.568924,-34.28592,-35.956177,-35.889995,-39.113658,-31.946973,-29.316743
GCTT,2.787077801,-54.540192,-35.416515,17.249825,-80.388381,-57.604195,-68.643052,-55.222183,-75.747165,-70.358744,-65.900836,-80.398077,-55.55808,-33.884549,34.544435,-90.299467,-44.271311,-76.627271,-58.938292,-75.496813,-79.404869,-71.956575,-80.462578,-31.762171,-33.070031,-27.578071,-32.548375,-24.027745,-30.836883,-35.704342,-31.346048,-36.150508,-30.640479,-21.759045
GACT,3.23557868,-51.937886,-36.571367,-12.223789,-74.243387,-48.538007,-64.998262,-48.843696,-84.767696,-71.923755,-69.50367,-87.181088,-48.895946,-32.221375,-3.911912,-82.838807,-35.828669,-70.88778,-49.148425,-87.718121,-82.806675,-71.765532,-90.432545,-29.601975,-29.634584,-46.19001,-28.825646,-21.480707,-27.262929,-33.005145,-33.042619,-32.638564,-27.902652,-22.892858
GATT,3.175682735,-53.640296,-23.188854,23.890974,-65.354797,-40.436857,-53.820179,-49.045552,-68.522321,-59.931286,-62.019143,-74.890378,-51.639919,-18.662043,37.710353,-70.6162,-26.242276,-58.248873,-47.504057,-72.769118,-69.828761,-67.847061,-76.006957,-30.449022,-26.170462,-21.933331,-25.388165,-17.939529,-23.813893,-32.75331,-28.498672,-29.675415,-26.596157,-15.33516
GTCT,3.279056959,-55.130309,-40.364401,-3.786673,-79.007583,-53.81747,-67.978826,-47.164343,-73.029321,-70.182165,-64.017279,-83.461128,-52.350678,-35.970717,8.538268,-90.667626,-38.576333,-76.520851,-48.203992,-71.284673,-80.3516,-66.54969,-84.472532,-28.356891,-29.284675,-39.090552,-27.5987,-21.080242,-25.523659,-31.433018,-27.209468,-30.310323,-24.459839,-19.36441
GTTT,3.250524199,-56.832718,-26.981888,32.32809,-70.118993,-45.716321,-56.800743,-47.366199,-56.783946,-58.189695,-56.532752,-71.170418,-55.094651,-22.411385,50.160532,-78.44502,-28.989939,-63.881944,-46.559624,-56.335671,-67.373686,-62.631219,-70.046944,-29.203937,-25.820553,-14.833873,-24.161218,-17.539063,-22.074623,-31.181183,-22.665521,-27.347174,-23.153344,-11.806712
AGGG,2.707312065,-49.421015,-18.243283,17.11339,-51.220875,-52.794492,-42.061294,-63.072828,-75.62741,-65.123728,-66.720122,-76.932284,-50.216367,-13.495482,26.226667,-53.080854,-43.233644,-40.086772,-64.294719,-76.335505,-79.250516,-65.292179,-77.052733,-27.566931,-24.068471,-26.744236,-19.779667,-22.515688,-19.644554,-34.452145,-27.774587,-28.914544,-22.773745,-10.888892
AGAG,2.797399752,-57.365932,-24.850409,10.007395,-70.464187,-62.098482,-60.231342,-68.69656,-86.704624,-73.931311,-77.455217,-97.343029,-52.917509,-17.637855,16.353575,-71.729478,-50.943502,-56.959879,-69.384603,-88.683597,-92.550843,-77.024918,-99.901704,-31.345667,-28.717291,-26.012564,-27.931521,-27.620504,-28.707861,-38.552094,-32.577407,-32.584478,-27.955473,-18.755632
ACGG,2.520652606,-59.242136,-34.519629,1.975218,-73.039928,-62.987887,-67.79929,-65.392528,-85.571014,-77.046391,-75.705915,-91.624983,-61.708786,-30.924512,8.946327,-78.817276,-56.256092,-72.90954,-67.792825,-85.613028,-92.246647,-75.553323,-94.01297,-32.517627,-32.836109,-36.369515,-30.239789,-26.595212,-32.097538,-37.199158,-31.62207,-35.838559,-28.962194,-16.642307
ACAG,1.79915567,-67.187052,-41.126755,-5.130777,-92.28324,-72.291878,-85.969338,-71.01626,-96.648228,-85.853974,-86.44101,-112.035728,-64.409928,-35.066885,-0.926765,-97.4659,-63.965951,-89.782647,-72.882709,-97.961119,-105.546974,-87.286061,-116.861941,-36.296363,-37.484928,-35.637843,-38.391642,-31.700027,-41.160845,-41.299107,-36.424889,-39.508492,-34.143921,-24.509047
AAGG,2.591216425,-58.342239,-22.291968,8.616367,-58.006344,-45.820549,-52.976417,-59.215897,-78.34617,-66.618933,-71.824222,-86.117284,-57.790625,-15.702005,12.112245,-59.134009,-38.227057,-54.531142,-56.35859,-82.885333,-82.67054,-71.443809,-89.557349,-31.204477,-25.93654,-30.724775,-23.079578,-20.506995,-25.074547,-34.248126,-28.774694,-29.363466,-24.917872,-10.218423
AAAG,2.653849539,-66.287156,-28.899094,1.510372,-77.249655,-55.12454,-71.146466,-64.839629,-89.423384,-75.426516,-82.559317,-106.528029,-60.491766,-19.844378,2.239153,-77.782633,-45.936915,-71.404249,-61.448474,-95.233424,-95.970866,-83.176547,-112.40632,-34.983214,-30.58536,-29.993103,-31.231432,-25.611811,-34.137854,-38.348075,-33.577513,-33.033399,-30.0996,-18.085163
ATGG,2.756424538,-61.534662,-26.085002,17.053484,-62.77054,-51.100013,-55.956981,-57.536544,-66.607795,-64.877342,-66.337831,-82.397324,-61.245357,-19.451348,24.562424,-66.962829,-40.97472,-60.164213,-55.414158,-66.451886,-80.215465,-66.227967,-83.597336,-29.959393,-25.586631,-23.625317,-21.852632,-20.10653,-23.335277,-32.675999,-22.941543,-27.035224,-21.475059,-6.689975
ATAG,2.85975473,-69.479578,-32.692128,9.947489,-82.013852,-60.404003,-74.127029,-63.160276,-77.685009,-73.684925,-77.072926,-102.808068,-63.946498,-23.593721,14.689333,-85.611452,-48.684579,-77.03732,-60.504042,-78.799977,-93.515791,-77.960705,-106.446307,-33.73813,-30.23545,-22.893645,-30.004485,-25.211345,-32.398584,-36.775948,-27.744363,-30.705158,-26.656787,-14.556715
AGGC,1.813408771,-66.618422,-30.758333,-8.641005,-75.535261,-66.906051,-70.884961,-68.034872,-92.524457,-97.101014,-83.643118,-96.284111,-67.463897,-27.29458,-2.484904,-81.986078,-57.371668,-73.204873,-71.189398,-93.33494,-113.613443,-81.771491,-98.84305,-40.016219,-30.729707,-37.682287,-30.702921,-29.595637,-32.639912,-40.18411,-35.261451,-43.234968,-32.205381,-25.384077
AGAC,2.526818445,-74.563339,-37.365458,-15.747,-94.778572,-76.210042,-89.055009,-73.658604,-103.601671,-105.908597,-94.378213,-116.694856,-70.165039,-31.436952,-12.357996,-100.634702,-65.081526,-90.07798,-76.279282,-105.683031,-126.913769,-93.50423,-121.692021,-43.794956,-35.378527,-36.950615,-38.854775,-34.700452,-41.703219,-44.284059,-40.06427,-46.904901,-37.387109,-33.250817
ACGC,1.32201445,-76.439543,-47.034678,-23.779176,-97.354314,-77.099447,-96.622957,-70.354572,-102.468062,-109.023677,-92.628911,-110.97681,-78.956316,-44.723609,-19.765243,-107.7225,-70.394116,-106.027641,-74.687504,-102.612463,-126.609574,-92.032635,-115.803287,-44.966915,-39.497345,-47.307566,-41.163042,-33.67516,-45.092896,-42.931122,-39.108934,-50.158982,-38.393829,-31.137492
ACAC,0.310279695,-84.384459,-53.641804,-30.885171,-116.597625,-86.403437,-114.793005,-75.978305,-113.545275,-117.83126,-103.364005,-131.387555,-81.657457,-48.865982,-29.638335,-126.371124,-78.103975,-122.900748,-79.777388,-114.960554,-139.9099,-103.765373,-138.652258,-48.745651,-44.146164,-46.575894,-49.314896,-38.779976,-54.156203,-47.031071,-43.911753,-53.828916,-43.575557,-39.004232
AAGC,1.419205749,-75.539646,-34.807017,-17.138027,-82.320729,-59.932109,-81.800084,-64.177941,-95.243217,-98.596219,-88.747218,-105.469111,-75.038155,-29.501103,-16.599325,-88.039233,-52.36508,-87.649244,-63.253269,-99.884768,-117.033466,-87.923121,-111.347666,-43.653765,-32.597776,-41.662826,-34.002831,-27.586944,-38.069905,-39.98009,-36.261558,-43.683889,-34.349507,-24.713608
AAAC,1.575550616,-83.484563,-41.414143,-24.244022,-101.564041,-69.236099,-99.970133,-69.801673,-106.320431,-107.403802,-99.482313,-125.879856,-77.739296,-33.643475,-26.472417,-106.687857,-60.074939,-104.522351,-68.343153,-112.232859,-130.333793,-99.655859,-134.196636,-47.432502,-37.246596,-40.931154,-42.154685,-32.691759,-47.133212,-44.080039,-41.064377,-47.353823,-39.531235,-32.580348
ATGC,2.10324829,-78.732069,-38.600051,-8.700911,-87.084925,-65.211573,-84.780648,-62.498588,-83.504842,-96.854629,-83.260827,-101.749151,-78.492887,-33.250445,-4.149146,-95.868053,-55.112744,-93.282315,-62.308837,-83.451321,-114.578391,-82.707279,-105.387653,-42.408681,-32.247867,-34.563368,-32.775885,-27.186478,-36.330635,-38.407963,-30.428407,-41.355648,-30.906694,-21.18516
ATAC,2.750037177,-86.676985,-45.207177,-15.806906,-106.328237,-74.515563,-102.950696,-68.122321,-94.582056,-105.662211,-93.995922,-122.159896,-81.194028,-37.392818,-14.022238,-114.516677,-62.822602,-110.155422,-67.398721,-95.799412,-127.878718,-94.440017,-128.236624,-46.187418,-36.896686,-33.831696,-40.927739,-32.291294,-45.393943,-42.507912,-35.231226,-45.025581,-36.088422,-29.0519
AGGA,2.902758339,-43.546517,-21.990811,18.01025,-55.435097,-48.581367,-45.286955,-53.844576,-71.752535,-65.584072,-62.897344,-76.314613,-42.887047,-15.387813,27.078918,-56.312626,-40.27598,-44.573242,-53.683361,-76.235857,-79.76876,-64.284106,-80.400222,-26.263345,-26.276994,-24.537298,-21.269886,-20.897226,-20.654491,-32.133005,-27.413135,-30.473271,-22.814891,-12.035335
AGAA,3.053252734,-51.491433,-28.597936,10.904255,-74.678409,-57.885357,-63.457003,-59.468308,-82.829749,-74.391655,-73.632439,-96.725357,-45.588188,-19.530185,17.205826,-74.96125,-47.985838,-61.446349,-58.773245,-88.583948,-93.069087,-76.016844,-103.249192,-30.042082,-30.925813,-23.805626,-29.42174,-26.002041,-29.717798,-36.232954,-32.215955,-34.143205,-27.996618,-19.902075
ACGA,2.9317283,-53.367637,-38.267157,2.872079,-77.25415,-58.774763,-71.024951,-56.164276,-81.696139,-77.506735,-71.883136,-91.007312,-54.379466,-32.816843,9.798578,-82.049048,-53.298428,-77.39601,-57.181467,-85.51338,-92.764891,-74.545249,-97.360459,-31.214041,-35.044631,-34.162577,-31.730007,-24.976749,-33.107475,-34.880018,-31.260618,-37.397286,-29.003339,-17.788751
ACAA,2.912368872,-61.312554,-44.874282,-4.233916,-96.497462,-68.078753,-89.194999,-61.788008,-92.773353,-86.314318,-82.618231,-111.418057,-57.080607,-36.959215,-0.074513,-100.697671,-61.008286,-94.269117,-62.271351,-97.861471,-106.065218,-86.277987,-120.209429,-34.992777,-39.69345,-33.430905,-39.881861,-30.081565,-42.170782,-38.979967,-36.063437,-41.067219,-34.185066,-25.655491
AAGA,2.966155963,-52.467741,-26.039495,9.513228,-62.220565,-41.607425,-56.202079,-49.987645,-74.471295,-67.079277,-68.001444,-85.499613,-50.461304,-17.594336,12.964496,-62.365781,-35.269392,-59.017613,-45.747232,-82.785685,-83.188784,-70.435735,-92.904837,-29.900891,-28.145062,-28.517837,-24.569797,-18.888533,-26.084484,-31.928986,-28.413242,-30.922193,-24.959017,-11.364866
AAAA,2.957040718,-60.412657,-32.646621,2.407233,-81.463877,-50.911415,-74.372127,-55.611377,-85.548509,-75.88686,-78.736539,-105.910357,-53.162446,-21.736708,3.091405,-81.014405,-42.979251,-75.890719,-50.837116,-95.133776,-96.48911,-82.168474,-115.753808,-33.679628,-32.793882,-27.786165,-32.721651,-23.993348,-35.147791,-36.028935,-33.216061,-34.592126,-30.140745,-19.231606
ATGA,2.909385098,-55.660163,-29.83253,17.950344,-66.984762,-46.886888,-59.182642,-48.308292,-62.73292,-65.337686,-62.515052,-81.779652,-53.916036,-21.343679,25.414676,-70.194601,-38.017056,-64.650683,-44.8028,-66.352238,-80.733709,-65.219893,-86.944824,-28.655807,-27.795153,-21.418379,-23.34285,-18.488067,-24.345214,-30.356859,-22.580091,-28.593951,-21.516204,-7.836418
ATAA,2.962045376,-63.60508,-36.439655,10.844349,-86.228073,-56.190879,-77.352691,-53.932024,-73.810134,-74.145269,-73.250147,-102.190397,-56.617178,-25.486051,15.541584,-88.843224,-45.726914,-81.52379,-49.892684,-78.700329,-94.034036,-76.952632,-109.793795,-32.434544,-32.443972,-20.686707,-31.494704,-23.592883,-33.408521,-34.456808,-27.38291,-32.263885,-26.697932,-15.703158
AGGT,2.487575524,-54.972433,-23.217042,15.920932,-70.125034,-49.7301,-60.469616,-58.25644,-71.063154,-68.310122,-67.509062,-77.04379,-54.137466,-18.734953,25.718719,-74.852064,-37.653575,-61.434377,-59.625738,-74.507891,-82.111547,-68.695451,-79.49262,-28.746433,-24.970081,-24.744377,-24.857163,-20.978872,-24.805497,-34.985711,-27.250062,-29.939736,-25.143033,-12.820568
AGAT,2.632768513,-62.91735,-29.824167,8.814937,-89.368345,-59.03409,-78.639664,-63.880172,-82.140368,-77.117705,-78.244157,-97.454535,-56.838608,-22.877325,15.845627,-93.500687,-45.363434,-78.307483,-64.715622,-86.855982,-95.411873,-80.428189,-102.341591,-32.525169,-29.6189,-24.012705,-33.009017,-26.083688,-33.868804,-39.08566,-32.052881,-33.609669,-30.324761,-20.687308
ACGT,2.22097193,-64.793554,-39.493387,0.78276,-91.944086,-59.923495,-86.207612,-60.57614,-81.006758,-80.232785,-76.494855,-91.73649,-65.629885,-36.163982,8.438379,-100.588485,-50.676024,-94.257145,-63.123844,-83.785413,-95.107678,-78.956595,-96.452857,-33.697128,-33.737718,-34.369656,-35.317284,-25.058396,-37.25848,-37.732724,-31.097544,-36.863751,-31.331482,-18.573984
ACAT,1.101414156,-72.738471,-46.100513,-6.323235,-111.187398,-69.227486,-104.37766,-66.199872,-92.083972,-89.040368,-87.22995,-112.147234,-68.331027,-40.306355,-1.434713,-119.237109,-58.385882,-111.130252,-68.213728,-96.133505,-108.408004,-90.689333,-119.301828,-37.475865,-38.386538,-33.637984,-43.469138,-30.163211,-46.321788,-41.832673,-35.900364,-40.533684,-36.513209,-26.440724
AAGT,2.259272813,-63.893657,-27.265726,7.423909,-76.910502,-42.756157,-71.38474,-54.399509,-73.781914,-69.805327,-72.613162,-86.22879,-61.711724,-20.941476,11.604297,-80.905219,-32.646988,-75.878747,-51.689609,-81.057719,-85.53157,-74.847081,-91.997236,-32.383979,-26.83815,-28.724916,-28.157074,-18.970179,-30.23549,-34.781692,-28.250168,-30.388657,-27.28716,-12.150099
AAAT,2.277506988,-71.838574,-33.872852,0.317914,-96.153813,-52.060148,-89.554788,-60.023241,-84.859128,-78.61291,-83.348257,-106.639535,-64.412865,-25.083848,1.731205,-99.553842,-40.356846,-92.751854,-56.779493,-93.40581,-98.831897,-86.579819,-114.846206,-36.162716,-31.486969,-27.993244,-36.308928,-24.074995,-39.298797,-38.881641,-33.052988,-34.058591,-32.468888,-20.016839
ATGT,2.671276046,-67.08608,-31.058761,15.861026,-81.674698,-48.035621,-74.365303,-52.720156,-62.043539,-68.063736,-67.126771,-82.50883,-65.166456,-24.690818,24.054477,-88.734038,-35.394652,-81.511818,-50.745177,-64.624271,-83.076495,-69.631239,-86.037223,-31.138895,-26.48824,-21.625458,-26.930127,-18.569714,-28.49622,-33.209565,-22.417018,-28.060416,-23.844347,-8.621651
ATAT,2.994381681,-75.030996,-37.665886,8.755031,-100.91801,-57.339611,-92.535352,-58.343888,-73.120753,-76.871319,-77.861866,-102.919575,-67.867597,-28.833191,14.181385,-107.382662,-43.10451,-98.384925,-55.835061,-76.972363,-96.376822,-81.363977,-108.886194,-34.917632,-31.13706,-20.893787,-35.081981,-23.674529,-37.559527,-37.309514,-27.219837,-31.73035,-29.026075,-16.488391
AGCG,2.929270411,-41.363739,-26.337307,-1.813424,-52.466034,-55.776944,-40.377524,-57.374734,-87.116894,-67.063481,-65.301914,-88.437566,-40.225485,-21.903454,6.676068,-58.453635,-45.296983,-41.124268,-60.300456,-83.879037,-79.623284,-63.098324,-86.940348,-25.707175,-27.923849,-42.306131,-20.974114,-24.328967,-19.289738,-33.333565,-32.005926,-30.233923,-23.001912,-18.694624
AGTG,2.777480181,-43.066149,-12.954793,34.301339,-43.577444,-47.675795,-29.199441,-57.57659,-70.871519,-55.071011,-57.817387,-76.146856,-42.969458,-8.344121,48.298332,-46.231028,-35.71059,-28.485361,-58.656088,-68.930034,-66.64537,-59.179853,-72.51476,-26.554221,-24.459727,-18.049452,-17.536633,-20.787789,-15.840702,-33.08173,-27.461979,-27.270773,-21.695418,-11.136925
ACCG,2.800024803,-51.18486,-42.613653,-16.951596,-74.285087,-65.97034,-66.11552,-59.694435,-97.060498,-78.986144,-74.287707,-103.130265,-51.717904,-39.332483,-10.604272,-84.190056,-58.319432,-73.947036,-63.798562,-93.156559,-92.619415,-73.359467,-103.900585,-30.65787,-36.691486,-51.93141,-31.434235,-28.408491,-31.742722,-36.080577,-35.853408,-37.157937,-29.19036,-24.448039
ACTG,2.764406696,-52.88727,-29.231139,19.163167,-65.396497,-57.86919,-54.937437,-59.89629,-80.815123,-66.993674,-66.80318,-90.839555,-54.461877,-25.773151,31.017992,-71.96745,-48.733038,-61.308129,-62.154194,-78.207557,-79.641501,-69.440997,-89.474997,-31.504916,-33.227364,-27.674731,-27.996754,-24.867312,-28.293686,-35.828743,-31.309462,-34.194788,-27.883866,-16.890341
AACG,2.850977792,-50.284963,-30.385992,-10.310447,-59.251502,-48.803002,-51.292648,-53.517803,-89.835654,-68.558686,-70.406014,-97.622566,-47.799743,-24.109977,-7.438354,-64.50679,-40.290396,-55.568638,-52.364327,-90.428864,-83.043308,-69.249953,-99.444963,-29.344721,-29.791918,-46.28667,-24.274025,-22.320274,-24.719731,-33.129545,-33.006032,-30.682844,-25.146039,-18.024155
AATG,2.80489784,-51.987373,-17.003478,25.804316,-50.362912,-40.701852,-40.114565,-53.719659,-73.590278,-56.566216,-62.921487,-85.331856,-50.543715,-10.550644,34.18391,-52.284184,-30.704002,-42.929731,-50.71996,-75.479862,-70.065394,-65.331483,-85.019375,-30.191767,-26.327796,-22.029992,-20.836543,-18.779095,-21.270695,-32.877711,-28.462085,-27.719694,-23.839544,-10.466456
ATCG,2.963443481,-53.477386,-34.179026,-1.87333,-64.015699,-54.082465,-54.273212,-51.83845,-78.097279,-66.817095,-64.919623,-93.902606,-51.254474,-27.859319,5.011825,-72.335609,-43.03806,-61.201709,-51.419895,-73.995417,-80.588233,-64.034112,-93.484951,-28.099637,-29.442008,-39.187212,-23.047078,-21.919808,-22.980461,-31.557418,-27.172881,-28.354603,-21.703226,-14.495706
ATTG,3.014789326,-55.179796,-20.796512,34.241433,-55.127108,-45.981316,-43.095128,-52.040306,-61.851904,-54.824625,-57.435096,-81.611896,-53.998447,-14.299987,46.63409,-60.113003,-33.451666,-48.562802,-49.775527,-59.046414,-67.610319,-60.115641,-79.059363,-28.946683,-25.977886,-14.930534,-19.609597,-18.37863,-19.531425,-31.305583,-22.628935,-25.391453,-20.396731,-6.938008
AGCC,2.920504028,-58.561146,-38.852356,-27.567819,-76.78042,-69.888504,-69.201191,-62.336779,-104.013941,-99.040767,-82.22491,-107.789393,-57.473015,-35.702551,-22.035503,-87.358859,-59.435007,-74.242369,-67.195135,-100.878471,-113.986211,-79.577636,-108.730665,-38.156463,-34.585085,-53.244182,-31.897368,-31.408916,-32.285097,-39.065529,-39.492789,-44.554346,-32.433548,-33.189809
AGTC,2.687850224,-60.263556,-25.469843,8.546944,-67.891829,-61.787354,-58.023108,-62.538635,-87.768566,-87.048298,-74.740383,-95.498684,-60.216988,-22.143219,19.586762,-75.136252,-49.848613,-61.603462,-65.550767,-85.929469,-101.008297,-75.659165,-94.305077,-39.003509,-31.120963,-28.987503,-28.459886,-27.867737,-28.83606,-38.813694,-34.948843,-41.591196,-31.127053,-25.63211
ACCC,2.544434587,-68.382267,-55.128702,-42.70599,-98.599472,-80.081899,-94.939187,-64.656479,-113.957546,-110.96343,-91.210702,-122.482092,-68.965433,-53.13158,-39.315842,-113.095281,-72.457456,-107.065137,-70.693241,-110.155994,-126.982341,-89.838779,-125.690902,-43.107158,-43.352722,-62.869461,-42.357489,-35.488439,-44.73808,-41.812542,-43.340272,-51.478361,-38.621996,-38.943224
ACTC,1.8050494,-70.084677,-41.746189,-6.591227,-89.710882,-71.98075,-83.761104,-64.858335,-97.71217,-98.97096,-83.726175,-110.191383,-71.709406,-39.572248,2.306422,-100.872674,-62.871062,-94.426231,-69.048874,-95.206991,-114.004427,-85.920309,-111.265314,-43.954205,-39.8886,-38.612783,-38.920007,-31.94726,-41.289044,-41.560707,-38.796325,-48.515211,-37.315501,-31.385526
AACC,2.698967652,-67.48237,-42.901041,-36.064841,-83.565888,-62.914561,-80.116315,-58.479848,-106.732701,-100.535972,-87.32901,-116.974393,-65.047272,-37.909074,-36.149924,-93.412014,-54.42842,-88.68674,-59.259006,-107.428299,-117.406234,-85.729265,-121.23528,-41.794009,-36.453153,-57.224721,-35.197278,-29.400222,-37.71509,-38.86151,-40.492896,-45.003267,-34.577674,-32.51934
AATC,2.542845321,-69.18478,-29.518528,0.049922,-74.677298,-54.813412,-68.938232,-58.681703,-90.487326,-88.543503,-79.844483,-104.683684,-67.791245,-24.349742,5.47234,-81.189408,-44.842026,-76.047833,-57.614639,-92.479297,-104.42832,-81.810795,-106.809692,-42.641055,-32.989032,-32.968043,-31.759796,-25.859044,-34.266053,-38.609675,-35.948949,-42.040118,-33.27118,-24.961641
ATCC,2.928299674,-70.674793,-46.694075,-27.627724,-88.330084,-68.194025,-83.096879,-56.800495,-94.994326,-98.794381,-81.842618,-113.254433,-68.502004,-41.658416,-23.699745,-101.240833,-57.176083,-94.31981,-58.314574,-90.994852,-114.951159,-80.513424,-115.275267,-40.548925,-36.103244,-50.125263,-33.970332,-28.999757,-35.97582,-37.289382,-34.659745,-42.675026,-31.134861,-28.990892
ATTC,2.953643755,-72.377203,-33.311562,8.487038,-79.441494,-60.092876,-71.918795,-57.002351,-78.748951,-86.801912,-74.358092,-100.963723,-71.245977,-28.099084,17.92252,-89.018227,-47.58969,-81.680904,-56.670206,-76.045849,-101.973245,-76.594953,-100.84968,-41.395971,-32.639122,-25.868585,-30.53285,-25.458578,-32.526784,-37.037548,-30.115799,-39.711877,-29.828367,-21.433193
AGCA,2.930068109,-35.489241,-30.084835,-0.916564,-56.680256,-51.563819,-43.603185,-48.146483,-83.242019,-67.523825,-61.479136,-87.819895,-32.896164,-23.795784,7.528319,-61.685407,-42.339319,-45.610738,-49.689098,-83.779388,-80.141528,-62.09025,-90.287836,-24.403589,-30.132371,-40.099193,-22.464333,-22.710505,-20.299675,-31.014425,-31.644473,-31.79265,-23.043057,-19.841067
AGTA,3.043792833,-37.191651,-16.702321,35.198199,-47.791666,-43.46267,-32.425102,-48.348338,-66.996644,-55.531355,-53.994609,-75.529185,-35.640137,-10.236452,49.150584,-49.4628,-32.752925,-32.971831,-48.044731,-68.830386,-67.163614,-58.171779,-75.862248,-25.250635,-26.668249,-15.842514,-19.026851,-19.169326,-16.850639,-30.76259,-27.100527,-28.8295,-21.736563,-12.283369
ACCA,2.939204863,-45.310362,-46.36118,-16.054735,-78.499309,-61.757215,-69.341182,-50.466183,-93.185623,-79.446488,-70.464928,-102.512594,-44.388583,-41.224814,-9.752021,-87.421828,-55.361767,-78.433506,-53.187205,-93.056911,-93.137659,-72.351394,-107.248073,-29.354284,-38.900008,-49.724472,-32.924454,-26.790028,-32.752659,-33.761437,-35.491956,-38.716664,-29.231505,-25.594483
ACTA,3.063375306,-47.012771,-32.978667,20.060028,-69.610718,-53.656065,-58.163098,-50.668038,-76.940248,-67.454018,-62.980401,-90.221884,-47.132556,-27.665482,31.870244,-75.199222,-45.775374,-65.794599,-51.542837,-78.107908,-80.159745,-68.432923,-92.822485,-30.20133,-35.435886,-25.467794,-29.486973,-23.248849,-29.303623,-33.509603,-30.948009,-35.753515,-27.925011,-18.036784
AACA,2.809748488,-44.410465,-34.133519,-9.413586,-63.465724,-44.589877,-54.518309,-44.289551,-85.960779,-69.01903,-66.583235,-97.004895,-40.470422,-26.002307,-6.586103,-67.738562,-37.332732,-60.055108,-41.75297,-90.329216,-83.561552,-68.24188,-102.792452,-28.041135,-32.00044,-44.079732,-25.764244,-20.701811,-25.729668,-30.810405,-32.64458,-32.241571,-25.187184,-19.170598
AATA,2.977521461,-46.112875,-20.751006,26.701177,-54.577134,-36.488727,-43.340226,-44.491407,-69.715403,-57.02656,-59.098709,-84.714185,-43.214395,-12.442975,35.036162,-55.515955,-27.746338,-47.416202,-40.108602,-75.380214,-70.583638,-64.323409,-88.366864,-28.888181,-28.536318,-19.823054,-22.326762,-17.160633,-22.280632,-30.55857,-28.100633,-29.278421,-23.880689,-11.6129
ATCA,3.08819989,-47.602888,-37.926554,-0.97647,-68.22992,-49.869341,-57.498873,-42.610199,-74.222404,-67.277439,-61.096844,-93.284935,-43.925154,-29.75165,5.864077,-75.567381,-40.080395,-65.688179,-40.808537,-73.895769,-81.106477,-63.026038,-96.832439,-26.796051,-31.65053,-36.980275,-24.537297,-20.301346,-23.990398,-29.238278,-26.811429,-29.91333,-21.744371,-15.64215
ATTA,3.154740936,-49.305297,-24.54404,35.138293,-59.34133,-41.768191,-46.32079,-42.812054,-57.977029,-55.284969,-53.612317,-80.994225,-46.669127,-16.192317,47.486341,-63.344775,-30.494001,-53.049273,-39.16417,-58.946766,-68.128563,-59.107567,-82.406851,-27.643097,-28.186408,-12.723596,-21.099816,-16.760167,-20.541362,-28.986443,-22.267483,-26.95018,-20.437876,-8.084452
AGCT,3.053242815,-46.915157,-31.311065,-3.005882,-71.370192,-52.712552,-58.785846,-52.558347,-82.552638,-70.249875,-66.090854,-88.549073,-44.146584,-27.142924,6.16812,-80.224844,-39.716915,-62.471872,-55.631475,-82.051422,-82.484315,-66.501596,-89.380235,-26.886676,-28.825458,-40.306272,-26.05161,-22.792151,-24.450681,-33.867131,-31.4814,-31.259114,-25.3712,-20.6263
AGTT,3.012619967,-48.617567,-17.928552,33.108881,-62.481602,-44.611403,-47.607763,-52.760202,-66.307262,-58.257405,-58.606327,-76.258363,-46.890557,-13.583592,47.790384,-68.002238,-30.130521,-49.832966,-53.987107,-67.102419,-69.506401,-62.583125,-74.954647,-27.733723,-25.361336,-16.049593,-22.614129,-19.250973,-21.001645,-33.615296,-26.937453,-28.295965,-24.064706,-13.068602
ACCT,2.906860922,-56.736278,-47.587411,-18.144053,-93.189245,-62.905947,-84.523842,-54.878047,-92.496242,-82.172538,-75.076647,-103.241772,-55.639003,-44.571954,-11.11222,-105.961266,-52.739363,-95.294641,-59.129581,-91.328944,-95.480446,-76.762739,-106.340472,-31.837372,-37.593095,-49.931551,-36.511731,-26.871675,-36.903665,-36.614143,-35.328883,-38.183129,-31.559648,-26.379715
ACTT,2.724100672,-58.438688,-34.204898,17.97071,-84.300655,-54.804798,-73.345759,-55.079902,-76.250866,-70.180068,-67.59212,-90.951062,-58.382976,-31.012621,30.510045,-93.73866,-43.152969,-82.655734,-57.485213,-76.379942,-82.502532,-72.844269,-91.914884,-32.684418,-34.128974,-25.674873,-33.07425,-23.330496,-33.454629,-36.362309,-30.784936,-35.219979,-30.253154,-18.822017
AACT,2.995325036,-55.836382,-35.35975,-11.502904,-78.155661,-45.73861,-69.70097,-48.701415,-85.271398,-71.74508,-71.194954,-97.734073,-51.720841,-29.349447,-7.946302,-86.277999,-34.710327,-76.916243,-47.695346,-88.60125,-85.904338,-72.653225,-101.88485,-30.524223,-30.693527,-44.286812,-29.351521,-20.783458,-29.880674,-33.663111,-32.481507,-31.708036,-27.515327,-19.955831
AATT,2.989185483,-57.538791,-21.977237,24.611859,-69.26707,-37.63746,-58.522887,-48.903271,-69.026022,-59.75261,-63.710427,-85.443363,-54.464814,-15.790115,33.675963,-74.055393,-25.123934,-64.277336,-46.050978,-73.652247,-72.926424,-68.734755,-87.459262,-31.371269,-27.229405,-20.030133,-25.914039,-17.242279,-26.431638,-33.411277,-27.93756,-28.744886,-26.208832,-12.398133
ATCT,3.128927546,-59.028804,-39.152784,-3.065788,-82.919857,-51.018073,-72.681534,-47.022063,-73.533023,-70.003489,-65.708563,-94.014112,-55.175573,-33.098789,4.503877,-94.106819,-37.457991,-82.549314,-46.750914,-72.167802,-83.449263,-67.437383,-95.924837,-29.279139,-30.343617,-37.187354,-28.124574,-20.382992,-28.141404,-32.090984,-26.648356,-29.379794,-24.072514,-16.427383
ATTT,3.119521057,-60.731214,-25.770271,33.048975,-74.031267,-42.916924,-61.50345,-47.223918,-57.287647,-58.011019,-58.224036,-81.723403,-57.919546,-19.539457,46.126142,-81.884213,-27.871597,-69.910407,-45.106546,-57.2188,-70.471349,-63.518913,-81.499249,-30.126185,-26.879496,-12.930675,-24.687093,-16.841814,-24.692368,-31.839149,-22.104409,-26.416645,-22.766019,-8.869685
CGGG,2.742433971,-47.324481,-32.419332,7.551189,-42.380386,-63.141997,-35.615133,-65.368655,-66.512788,-57.054017,-60.906917,-76.839419,-49.887552,-29.718672,20.092332,-43.700198,-56.993535,-33.710955,-68.949689,-66.274426,-65.465138,-60.826326,-77.787633,-27.147065,-29.599042,-30.690497,-16.811831,-24.69258,-16.310341,-35.40894,-24.296068,-26.879745,-21.829505,-16.401878
CGAG,2.857475949,-55.269398,-39.026458,0.445194,-61.623698,-72.445987,-53.785182,-70.992387,-77.590002,-65.8616,-71.642012,-97.250163,-52.588694,-33.861045,10.21924,-62.348821,-64.703394,-50.584061,-74.039573,-78.622518,-78.765465,-72.559064,-100.636604,-30.925802,-34.247862,-29.958825,-24.963685,-29.797396,-25.373648,-39.508889,-29.098887,-30.549679,-27.011233,-24.268618
CCGG,2.705207853,-57.145602,-48.695678,-7.586982,-64.199439,-73.335393,-61.35313,-67.688355,-76.456393,-68.97668,-69.89271,-91.532118,-61.379971,-47.147702,2.811992,-69.43662,-70.015984,-66.533723,-72.447795,-75.551949,-78.461269,-71.087469,-94.74787,-32.097761,-38.366679,-40.315776,-27.271952,-28.772104,-28.763325,-38.155953,-28.14355,-33.80376,-28.017953,-22.155294
CCAG,1.962100874,-65.090519,-55.302804,-14.692977,-83.442751,-82.639383,-79.523178,-73.312087,-87.533607,-77.784263,-80.627804,-111.942862,-64.081113,-51.290075,-7.0611,-88.085243,-77.725842,-83.40683,-77.53768,-87.90004,-91.761595,-82.820208,-117.596841,-35.876498,-43.015499,-39.584104,-35.423806,-33.876919,-37.826632,-42.255902,-32.946369,-37.473693,-33.199681,-30.022034
CAGG,2.66122888,-56.245705,-36.468017,-0.945833,-49.165854,-56.168055,-46.530257,-61.511724,-69.231548,-58.549222,-66.011017,-86.024419,-57.46181,-31.925195,5.97791,-49.753353,-51.986948,-48.155325,-61.01356,-72.824254,-68.885162,-66.977955,-90.292249,-30.784612,-31.467111,-34.671036,-20.111742,-22.683887,-21.740334,-35.204921,-25.296174,-27.328667,-23.973631,-15.731409
CAAG,2.774567007,-64.190622,-43.075142,-8.051828,-68.409166,-65.472045,-64.700306,-67.135456,-80.308762,-67.356805,-76.746112,-106.435163,-60.162952,-36.067568,-3.895182,-68.401976,-59.696806,-65.028432,-66.103445,-85.172345,-82.185488,-78.710694,-113.14122,-34.563348,-36.115931,-33.939364,-28.263596,-27.788703,-30.803641,-39.30487,-30.098993,-30.9986,-29.155359,-23.598149
CTGG,2.832286892,-59.438128,-40.261051,7.491283,-53.930051,-61.447518,-49.510821,-59.832371,-57.493173,-56.807632,-60.524626,-82.304458,-60.916542,-35.674538,18.428089,-57.582173,-54.734612,-53.788396,-60.069128,-56.390807,-66.430087,-61.762114,-84.332236,-29.539528,-31.117201,-27.571578,-18.884795,-22.283422,-20.001064,-33.632794,-19.463023,-25.000425,-20.530818,-12.202961
CTAG,2.777528797,-67.383044,-46.868177,0.385288,-73.173362,-70.751509,-67.680869,-65.456103,-68.570387,-65.615214,-71.259721,-102.715203,-63.617683,-39.816911,8.554998,-76.230796,-62.44447,-70.661503,-65.159012,-68.738898,-79.730413,-73.494852,-107.181207,-33.318264,-35.766021,-26.839906,-27.036649,-27.388237,-29.064371,-37.732743,-24.265843,-28.670359,-25.712546,-20.069701
CGGC,1.691656554,-64.521888,-44.934381,-18.203205,-66.694772,-77.253557,-64.4388,-70.330699,-83.409836,-89.031304,-77.829913,-96.191246,-67.135082,-43.517769,-8.619239,-72.605422,-71.131559,-66.829056,-75.844368,-83.273861,-99.828065,-77.305638,-99.57795,-39.596354,-36.260278,-41.628548,-27.735084,-31.772529,-29.305699,-41.140904,-31.782931,-41.200169,-31.26114,-30.897063
CGAC,2.141146008,-72.466805,-51.541507,-25.3092,-85.938083,-86.557547,-82.608849,-75.954431,-94.48705,-97.838886,-88.565008,-116.601991,-69.836224,-47.660142,-18.492331,-91.254045,-78.841417,-83.702163,-80.934252,-95.621952,-113.128391,-89.038376,-122.426921,-43.37509,-40.909098,-40.896876,-35.886938,-36.877344,-38.369006,-45.240853,-36.58575,-44.870102,-36.442868,-38.763803
CCGC,1.082499811,-74.343009,-61.210727,-33.341377,-88.513824,-87.446952,-90.176797,-72.650399,-93.35344,-100.953967,-86.815705,-110.883945,-78.627501,-60.946799,-25.899578,-98.341844,-84.154008,-99.651824,-79.342474,-92.551384,-112.824195,-87.566781,-116.538187,-44.547049,-45.027915,-51.253827,-38.195206,-35.852052,-41.758683,-43.887917,-35.630414,-48.124183,-37.449588,-36.650479
CCAC,0,-82.287926,-67.817853,-40.447372,-107.757136,-96.750943,-108.346845,-78.274132,-104.430654,-109.761549,-97.5508,-131.29469,-81.328642,-65.089172,-35.77267,-116.990467,-91.863866,-116.524931,-84.432359,-104.899475,-126.124522,-99.299519,-139.387158,-48.325786,-49.676735,-50.522155,-46.347059,-40.956868,-50.82199,-47.987866,-40.433233,-51.794117,-42.631316,-44.517219
CAGC,1.158115667,-73.443112,-48.983066,-26.700228,-73.48024,-70.279614,-75.353924,-66.473768,-86.128596,-90.526509,-82.934013,-105.376246,-74.70934,-45.724293,-22.73366,-78.658577,-66.124972,-81.273427,-67.90824,-89.823689,-103.248088,-83.457267,-112.082566,-43.2339,-38.128347,-45.609087,-31.034995,-29.763836,-34.735692,-40.936885,-32.783038,-41.64909,-33.405267,-30.226594
CAAC,1.291211106,-81.388029,-55.590192,-33.806222,-92.723551,-79.583605,-93.523972,-72.0975,-97.205809,-99.334091,-93.669108,-125.786991,-77.410481,-49.866665,-32.606752,-97.3072,-73.83483,-98.146533,-72.998124,-102.17178,-116.548415,-95.190006,-134.931536,-47.012637,-42.777166,-44.877415,-39.186849,-34.868651,-43.798999,-45.036834,-37.585857,-45.319023,-38.586995,-38.093334
CTGC,2.151776378,-76.635535,-52.7761,-18.263111,-78.244436,-75.559078,-78.334488,-64.794415,-74.390221,-88.784918,-77.447621,-101.656286,-78.164072,-49.473635,-10.283481,-86.487397,-68.872635,-86.906497,-66.963807,-73.390241,-100.793013,-78.241425,-106.122553,-41.988816,-37.778437,-38.509629,-29.808049,-29.36337,-32.996422,-39.364758,-26.949887,-39.320849,-29.962454,-26.698146
CTAC,2.713116675,-84.580451,-59.383226,-25.369106,-97.487748,-84.863068,-96.504536,-70.418147,-85.467435,-97.592501,-88.182716,-122.06703,-80.865213,-53.616008,-20.156573,-105.13602,-76.582494,-103.779604,-72.053691,-85.738333,-114.09334,-89.974164,-128.971524,-45.767552,-42.427257,-37.777957,-37.959902,-34.468186,-42.05973,-43.464707,-31.752706,-42.990782,-35.144182,-34.564886
CGGA,2.972988982,-41.449983,-36.16686,8.44805,-46.594608,-58.928873,-38.840795,-56.140403,-62.637914,-57.514361,-57.084139,-76.221748,-42.558232,-31.611003,20.944583,-46.93197,-54.035871,-38.197425,-58.338332,-66.174778,-65.983382,-59.818252,-81.135122,-25.84348,-31.807564,-28.483559,-18.30205,-23.074118,-17.320278,-33.0898,-23.934615,-28.438472,-21.87065,-17.548322
CGAA,3.153228577,-49.394899,-42.773985,1.342055,-65.837919,-68.232863,-57.010843,-61.764135,-73.715128,-66.321944,-67.819234,-96.632492,-45.259373,-35.753375,11.071491,-65.580593,-61.745729,-55.070532,-63.428216,-78.522869,-79.283709,-71.55099,-103.984092,-29.622216,-36.456384,-27.751887,-26.453904,-28.178933,-26.383585,-37.189749,-28.737435,-32.108406,-27.052378,-25.415062
CCGA,3.036131268,-51.271104,-52.443205,-6.690122,-68.413661,-69.122268,-64.578791,-58.460103,-72.581518,-69.437024,-66.069931,-90.914447,-54.050651,-49.040032,3.664243,-72.668392,-67.058319,-71.020193,-61.836438,-75.452301,-78.979513,-70.079395,-98.095359,-30.794175,-40.575201,-38.108838,-28.762171,-27.153641,-29.773262,-35.836813,-27.782098,-35.362487,-28.059098,-23.301737
CCAA,2.920405024,-59.21602,-59.050331,-13.796117,-87.656972,-78.426258,-82.748839,-64.083835,-83.658732,-78.244607,-76.805026,-111.325191,-56.751792,-53.182405,-6.208848,-91.317015,-74.768178,-87.8933,-66.926322,-87.800392,-92.27984,-81.812134,-120.944329,-34.572912,-45.224021,-37.377166,-36.914025,-32.258457,-38.836569,-39.936762,-32.584917,-39.03242,-33.240826,-31.168477
CAGA,2.885824363,-50.371207,-40.215544,-0.048973,-53.380076,-51.95493,-49.755918,-52.283472,-65.356673,-59.009566,-62.188238,-85.406748,-50.132489,-33.817526,6.830161,-52.985125,-49.029284,-52.641795,-50.402203,-72.724606,-69.403406,-65.969882,-93.639737,-29.481026,-33.675633,-32.464098,-21.60196,-21.065425,-22.750271,-32.885781,-24.934722,-28.887394,-24.014777,-16.877853
CAAA,3.077924067,-58.316124,-46.82267,-7.154968,-72.623388,-61.25892,-67.925967,-57.907204,-76.433887,-67.817149,-72.923333,-105.817492,-52.833631,-37.959898,-3.04293,-71.633748,-56.739142,-69.514902,-55.492087,-85.072697,-82.703732,-77.70262,-116.488708,-33.259762,-38.324453,-31.732426,-29.753814,-26.17024,-31.813578,-36.98573,-29.737541,-32.557327,-29.196504,-24.744593
CTGA,3.089716264,-53.563629,-44.008579,8.388144,-58.144272,-57.234394,-52.736482,-50.604119,-53.618299,-57.267976,-56.701847,-81.686787,-53.587221,-37.566868,19.280341,-60.813944,-51.776947,-58.274866,-49.457771,-56.291159,-66.948331,-60.75404,-87.679724,-28.235942,-33.325723,-25.36464,-20.375014,-20.664959,-21.011001,-31.313653,-19.101571,-26.559152,-20.571964,-13.349405
CTAA,3.072561542,-61.508546,-50.615704,1.282149,-77.387584,-66.538384,-70.906531,-56.227851,-64.695512,-66.075558,-67.436942,-102.097532,-56.288363,-41.709241,9.407249,-79.462568,-59.486806,-75.147973,-54.547655,-68.63925,-80.248657,-72.486778,-110.528695,-32.014678,-37.974543,-24.632968,-28.526868,-25.769775,-30.074308,-35.413602,-23.904391,-30.229086,-25.753691,-21.216145
CGGT,2.47629944,-52.875899,-37.39309,6.358732,-61.284544,-60.077605,-54.023456,-60.552267,-61.948532,-60.240411,-61.695857,-76.950925,-53.808651,-34.958143,19.584384,-65.471407,-51.413467,-55.058559,-64.280708,-64.446812,-68.326169,-64.229597,-80.22752,-28.326567,-30.500651,-28.690638,-21.889327,-23.155764,-21.471284,-35.942506,-23.771542,-27.904937,-24.198793,-18.333555
CGAT,2.675101394,-60.820816,-44.000216,-0.747263,-80.527856,-69.381595,-72.193504,-66.175999,-73.025746,-69.047994,-72.430952,-97.36167,-56.509793,-39.100515,9.711292,-84.120031,-59.123325,-71.931666,-69.370592,-76.794903,-81.626495,-75.962336,-103.076491,-32.105304,-35.149471,-27.958966,-30.041181,-28.26058,-30.534591,-40.042455,-28.574361,-31.57487,-29.380521,-26.200295
CCGT,2.19568185,-62.69702,-53.669436,-8.77944,-83.103597,-70.271001,-79.761452,-62.871967,-71.892136,-72.163074,-70.681649,-91.643624,-65.30107,-52.387172,2.304044,-91.207829,-64.435915,-87.881328,-67.778814,-73.724334,-81.3223,-74.490741,-97.187757,-33.277263,-39.268289,-38.315917,-32.349448,-27.235288,-33.924267,-38.689519,-27.619025,-34.828951,-30.387241,-24.08697
CCAT,0.996524914,-70.641937,-60.276562,-15.885435,-102.346909,-79.574991,-97.9315,-68.495699,-82.96935,-80.970657,-81.416744,-112.054369,-68.002212,-56.529545,-7.569048,-109.856452,-72.145773,-104.754435,-72.868698,-86.072426,-94.622626,-86.223479,-120.036728,-37.056,-43.917108,-37.584245,-40.501302,-32.340104,-42.987575,-42.789468,-32.421844,-38.498885,-35.568969,-31.95371
CAGT,2.280965068,-61.797123,-41.441775,-2.138291,-68.070012,-53.103663,-64.938579,-56.695336,-64.667292,-61.735616,-66.799957,-86.135925,-61.382909,-37.164666,5.469962,-71.524562,-46.406879,-69.50293,-56.344579,-70.99664,-71.746192,-70.381227,-92.732136,-31.964114,-32.36872,-32.671177,-25.189238,-21.147071,-26.901277,-35.738487,-24.771648,-28.353858,-26.34292,-17.663086
CAAT,2.094820144,-69.74204,-48.048901,-9.244286,-87.313324,-62.407653,-83.108628,-62.319068,-75.744506,-70.543199,-77.535052,-106.54667,-64.08405,-41.307038,-4.40313,-90.173186,-54.116738,-86.376037,-61.434463,-83.344731,-85.046519,-82.113965,-115.581106,-35.74285,-37.01754,-31.939505,-33.341091,-26.251887,-35.964584,-39.838436,-29.574468,-32.023792,-31.524647,-25.529825
CTGT,2.842664243,-64.989546,-45.234809,6.298826,-72.834209,-58.383126,-67.919143,-55.015983,-52.928917,-59.994025,-61.313566,-82.415965,-64.837641,-40.914008,17.920142,-79.353382,-49.154543,-75.136001,-55.400147,-54.563192,-69.291117,-65.165385,-86.772123,-30.71903,-32.018811,-25.571719,-23.962291,-20.746606,-25.162007,-34.166359,-18.938498,-26.025617,-22.900107,-14.134637
CTAT,2.95669754,-72.934463,-51.841935,-0.807169,-92.07752,-67.687117,-86.089191,-60.639715,-64.006131,-68.801608,-72.04866,-102.82671,-67.538782,-45.056381,8.04705,-98.002005,-56.864401,-92.009108,-60.490031,-66.911283,-82.591444,-76.898124,-109.621094,-34.497766,-36.66763,-24.840048,-32.114145,-25.851421,-34.225314,-38.266309,-23.741317,-29.69555,-28.081834,-22.001377
CGCG,2.935447776,-39.267205,-40.513356,-11.375624,-43.625545,-66.124449,-33.931364,-59.670561,-78.002272,-58.99377,-59.488709,-88.344701,-39.89667,-38.126643,0.541733,-49.072978,-59.056875,-34.74845,-64.955427,-73.817957,-65.837906,-58.63247,-87.675248,-25.287309,-33.454419,-46.252392,-18.006278,-26.505859,-15.955525,-34.290359,-28.527406,-28.199123,-22.057672,-24.20761
CGTG,2.489672981,-40.969615,-27.130842,24.739138,-34.736955,-58.0233,-22.753281,-59.872417,-61.756897,-47.001301,-52.004182,-76.053991,-42.640643,-24.567311,42.163997,-36.850372,-49.470481,-22.109544,-63.311059,-58.868955,-52.859992,-54.714,-73.24966,-26.134355,-29.990298,-21.995713,-14.568796,-22.964681,-12.506489,-34.038525,-23.983459,-25.235974,-20.751178,-16.649911
CCCG,2.790834619,-49.088326,-56.789702,-26.513796,-65.444598,-76.317845,-59.66936,-61.990261,-87.945877,-70.916433,-68.474501,-103.0374,-51.389089,-55.555673,-16.738607,-74.8094,-72.079323,-67.571219,-68.453533,-83.09548,-78.834037,-68.893614,-104.635485,-30.238005,-42.222057,-55.877671,-28.466399,-30.585383,-28.408509,-37.037372,-32.374888,-35.123138,-28.24612,-29.961025
CCTG,2.689681482,-50.790736,-43.407188,9.600967,-56.556007,-68.216695,-48.491277,-62.192117,-71.700501,-58.923963,-60.989974,-90.74669,-54.133062,-41.996341,24.883657,-62.586794,-62.492929,-54.932312,-66.809165,-68.146477,-65.856123,-64.975143,-90.209897,-31.085051,-38.757935,-31.620992,-25.028917,-27.044204,-24.959473,-36.785538,-27.830942,-32.159989,-26.939626,-22.403327
CACG,2.405402843,-48.18843,-44.562041,-19.872647,-50.411013,-59.150507,-44.846488,-55.81363,-80.721032,-60.488975,-64.592809,-97.529701,-47.470928,-40.333167,-13.572689,-55.126133,-54.050287,-49.192821,-57.019298,-80.367785,-69.257929,-64.7841,-100.179863,-28.924855,-35.322488,-50.232931,-21.306188,-24.497166,-21.385518,-34.08634,-29.527512,-28.648045,-24.201798,-23.537141
CATG,2.450687094,-49.890839,-31.179527,16.242116,-41.522423,-51.049357,-33.668404,-56.015486,-64.475657,-48.496506,-57.108282,-85.238991,-50.214901,-26.773834,28.049576,-42.903527,-44.463894,-36.553914,-55.37493,-65.418783,-56.280015,-60.865629,-85.754275,-29.771902,-31.858367,-25.976252,-17.868707,-20.955987,-17.936482,-33.834505,-24.983566,-25.684895,-22.895304,-15.979442
CTCG,3.032862443,-51.380852,-48.355075,-11.43553,-55.175209,-64.429971,-47.827051,-54.134277,-68.982657,-58.747384,-59.106417,-93.809741,-50.925659,-44.082509,-1.12251,-62.954953,-56.797951,-54.825892,-56.074866,-63.934338,-66.802854,-59.568258,-94.21985,-27.679771,-34.972579,-43.133473,-20.079242,-24.0967,-19.646248,-32.514213,-23.694362,-26.319804,-20.758985,-20.008693
CTTG,3.007247367,-53.083262,-34.972561,24.679232,-46.286619,-56.328821,-36.648968,-54.336133,-52.737282,-46.754915,-51.621891,-81.519031,-53.669632,-30.523177,40.499755,-50.732347,-47.211557,-42.186985,-54.430498,-48.985335,-53.824941,-55.649787,-79.794263,-28.526817,-31.508457,-18.876795,-16.64176,-20.555522,-16.197212,-32.262378,-19.150415,-23.356654,-19.452491,-12.450994
CGCC,2.705892656,-56.464612,-53.028405,-37.130019,-67.93993,-80.236009,-62.755031,-64.632606,-94.89932,-90.971056,-76.411705,-107.696528,-57.1442,-51.925741,-28.169838,-77.978202,-73.194898,-67.866552,-71.850106,-90.817392,-100.200832,-75.111782,-109.465565,-37.736597,-40.115655,-57.190443,-28.929531,-33.585808,-28.950883,-40.022324,-36.014269,-42.519547,-31.489307,-38.702795
CGTC,2.506776082,-58.167022,-39.645892,-1.015256,-59.05134,-72.13486,-51.576948,-64.834462,-78.653944,-78.978587,-68.927178,-95.405818,-59.888173,-38.366408,13.452427,-65.755596,-63.608505,-55.227645,-70.205738,-75.86839,-87.222918,-71.193312,-95.039977,-38.583643,-36.651534,-32.933764,-25.49205,-30.044629,-25.501847,-39.770489,-31.470323,-39.556397,-30.182813,-31.145097
CCCC,2.183202062,-66.285733,-69.304751,-52.26819,-89.758983,-90.429405,-88.493027,-66.952306,-104.842924,-102.893719,-85.397497,-122.389227,-68.636618,-69.35477,-45.450177,-103.714624,-86.217347,-100.68932,-75.348212,-100.094915,-113.196963,-85.372926,-126.425802,-42.687293,-48.883293,-66.815722,-39.389652,-37.665331,-41.403867,-42.769337,-39.861752,-49.443561,-37.677755,-44.45621
CCTC,1.283867702,-67.988143,-55.922238,-16.153427,-80.870393,-82.328255,-77.314944,-67.154162,-88.597548,-90.90125,-77.91297,-110.098517,-71.380591,-55.795438,-3.827913,-91.492018,-76.630953,-88.050413,-73.703844,-85.145912,-100.219049,-81.454455,-112.000214,-43.534339,-45.419171,-42.559043,-35.952171,-34.124152,-37.954831,-42.517502,-35.317805,-46.480412,-36.371261,-36.898512
CACC,2.153853254,-65.385837,-57.07709,-45.627041,-74.725398,-73.262067,-73.670155,-60.775675,-97.61808,-92.466261,-81.515804,-116.881528,-64.718457,-54.132264,-42.284259,-84.031357,-68.188311,-82.310922,-63.913977,-97.36722,-103.620856,-81.263412,-121.97018,-41.374144,-41.983724,-61.170982,-32.229442,-31.577114,-34.380877,-39.818304,-37.014376,-42.968468,-33.633434,-38.032326
CATC,1.903925005,-67.088246,-43.694576,-9.512278,-65.836808,-65.160917,-62.492071,-60.97753,-81.372704,-80.473792,-74.031278,-104.590818,-67.46243,-40.572931,-0.661995,-71.808751,-58.601917,-69.672016,-62.269609,-82.418217,-90.642942,-77.344941,-107.544592,-42.22119,-38.519602,-36.914303,-28.79196,-28.035936,-30.93184,-39.56647,-32.470429,-40.005319,-32.326939,-30.474628
CTCC,2.845425603,-68.578259,-60.870124,-37.189925,-79.489595,-78.54153,-76.650718,-59.096322,-85.879705,-90.724671,-76.029413,-113.161568,-68.173189,-57.881606,-29.83408,-91.860177,-70.935975,-87.943993,-62.969545,-80.933773,-101.165781,-76.04757,-116.010167,-40.12906,-41.633815,-54.071524,-31.002495,-31.176649,-32.641607,-38.246177,-31.181225,-40.640227,-30.190621,-34.503878
CTTC,3.071439888,-70.280669,-47.487611,-1.075162,-70.601005,-70.440381,-65.472635,-59.298178,-69.634329,-78.732201,-68.544886,-100.870858,-70.917162,-44.322274,11.788185,-79.637571,-61.349581,-75.305087,-61.325177,-65.98477,-88.187867,-72.129099,-101.584579,-40.976106,-38.169693,-29.814846,-27.565014,-27.63547,-29.19257,-37.994343,-26.637279,-37.677077,-28.884126,-26.946179
CGCA,3.147926957,-33.392707,-44.260883,-10.478764,-47.839767,-61.911325,-37.157025,-50.44231,-74.127398,-59.454114,-55.66593,-87.72703,-32.567349,-40.018974,1.393984,-52.30475,-56.09921,-39.234921,-54.344069,-73.718309,-66.35615,-57.624396,-91.022736,-23.983723,-35.662942,-44.045454,-19.496497,-24.887397,-16.965462,-31.971219,-28.165954,-29.75785,-22.098817,-25.354053
CGTA,3.160405855,-35.095117,-30.87837,25.635999,-38.951176,-53.810175,-25.978942,-50.644165,-57.882022,-47.461645,-48.181404,-75.43632,-35.311322,-26.459642,43.016249,-40.082144,-46.512816,-26.596014,-52.699701,-58.769307,-53.378236,-53.705926,-76.597148,-24.830769,-32.19882,-19.788775,-16.059015,-21.346218,-13.516426,-31.719385,-23.622007,-26.794701,-20.792323,-17.796355
CCCA,3.169423996,-43.213828,-60.537229,-25.616936,-69.658819,-72.10472,-62.895021,-52.76201,-84.071002,-71.376777,-64.651723,-102.419729,-44.059768,-57.448004,-15.886356,-78.041172,-69.121659,-72.057689,-57.842175,-82.995832,-79.352281,-67.88554,-107.982973,-28.934419,-44.430579,-53.670733,-29.956618,-28.96692,-29.418446,-34.718232,-32.013436,-36.681865,-28.287265,-31.107469
CCTA,3.186724821,-44.916237,-47.154716,10.497827,-60.770229,-64.003571,-51.716938,-52.963865,-67.825626,-59.384307,-57.167196,-90.129019,-46.803741,-43.888671,25.735909,-65.818566,-59.535265,-59.418782,-56.197807,-68.046829,-66.374367,-63.967069,-93.557385,-29.781465,-40.966457,-29.414054,-26.519136,-25.425741,-25.96941,-34.466397,-27.469489,-33.718716,-26.980771,-23.549771
CACA,2.819438789,-42.313931,-48.309568,-18.975786,-54.625235,-54.937382,-48.072149,-46.585378,-76.846157,-60.949319,-60.77003,-96.91203,-40.141607,-42.225497,-12.720438,-58.357905,-51.092623,-53.679291,-46.40794,-80.268137,-69.776174,-63.776026,-103.527352,-27.621269,-37.53101,-48.025993,-22.796407,-22.878703,-22.395455,-31.7672,-29.16606,-30.206772,-24.242943,-24.683584
CATA,3.046689615,-44.016341,-34.927055,17.138977,-45.736645,-46.836233,-36.894066,-46.787234,-60.600782,-48.95685,-53.285503,-84.62132,-42.88558,-28.666165,28.901827,-46.135299,-41.506229,-41.040385,-44.763572,-65.319134,-56.79826,-59.857556,-89.101764,-28.468316,-34.066889,-23.769315,-19.358926,-19.337525,-18.946419,-31.515365,-24.622113,-27.243622,-22.936449,-17.125886
CTCA,3.303359951,-45.506354,-52.102602,-10.53867,-59.389431,-60.216846,-51.052713,-44.906026,-65.107783,-59.207728,-55.283639,-93.192069,-43.596339,-45.97484,-0.270258,-66.186725,-53.840287,-59.312362,-45.463508,-63.83469,-67.321099,-58.560184,-97.567339,-26.376185,-37.181101,-40.926535,-21.569461,-22.478238,-20.656185,-30.195073,-23.332909,-27.878531,-20.80013,-21.155136
CTTA,3.34040661,-47.208763,-38.720089,25.576093,-50.500841,-52.115697,-39.874629,-45.107881,-48.862407,-47.215259,-47.799112,-80.90136,-46.340312,-32.415507,41.352006,-53.964119,-44.253893,-46.673455,-43.81914,-48.885687,-54.343185,-54.641714,-83.141751,-27.223232,-33.716979,-16.669857,-18.131979,-18.937059,-17.207149,-29.943238,-18.788963,-24.915381,-19.493636,-13.597438
CGCT,3.288013174,-44.818624,-45.487114,-12.568082,-62.529703,-63.060057,-52.339686,-54.854174,-73.438016,-62.180164,-60.277649,-88.456207,-43.817769,-43.366114,0.033785,-70.844187,-53.476806,-56.096055,-60.286446,-71.990343,-68.698937,-62.035742,-90.115135,-26.466811,-34.356029,-44.252533,-23.083774,-24.969043,-21.116468,-34.823925,-28.00288,-29.224315,-24.42696,-26.139286
CGTT,3.117294811,-46.521033,-32.104601,23.546681,-53.641113,-54.958908,-41.161603,-55.056029,-57.192641,-50.187694,-52.793122,-76.165498,-46.561742,-29.806782,41.656049,-58.621581,-43.890412,-43.457149,-58.642078,-57.04134,-55.721023,-58.117271,-75.689547,-27.313857,-30.891907,-19.995854,-19.646292,-21.427865,-17.667432,-34.572091,-23.458933,-26.261166,-23.120466,-18.581588
CCCT,2.95225969,-54.639744,-61.76346,-27.706254,-84.348756,-73.253453,-78.077682,-57.173874,-83.38162,-74.102827,-69.263441,-103.148907,-55.310188,-60.795143,-17.246555,-96.580609,-66.499255,-88.918824,-63.784552,-81.267865,-81.695067,-72.296885,-107.075372,-31.417507,-43.123666,-53.877812,-33.543895,-29.048567,-33.569452,-37.570938,-31.850363,-36.14833,-30.615408,-31.892702
CCTT,2.571168031,-56.342154,-48.380947,8.408509,-75.460166,-65.152303,-66.899599,-57.375729,-67.136245,-62.110357,-61.778914,-90.858197,-58.054161,-47.235811,24.37571,-84.358003,-56.912861,-76.279917,-62.140184,-66.318863,-68.717153,-68.378415,-92.649784,-32.264553,-39.659544,-29.621134,-30.106413,-25.507388,-30.120416,-37.319104,-27.306416,-33.18518,-29.308914,-24.335003
CACT,2.84628097,-53.739848,-49.535799,-21.065105,-69.315171,-56.086115,-63.25481,-50.997242,-76.156776,-63.675369,-65.381749,-97.641207,-51.392027,-45.572637,-14.080637,-76.897343,-48.470219,-70.540426,-52.350317,-78.540171,-72.11896,-68.187372,-102.61975,-30.104357,-36.224098,-48.233072,-26.383684,-22.96035,-26.546461,-34.619906,-29.002987,-29.673236,-26.571086,-25.468817
CATT,2.744875524,-55.442257,-36.153285,15.049658,-60.426581,-47.984965,-52.076726,-51.199098,-59.9114,-51.682899,-57.897222,-85.350498,-54.135999,-32.013305,27.541628,-64.674736,-38.883825,-57.901519,-50.705949,-63.591168,-59.141046,-64.268901,-88.194162,-30.951403,-32.759976,-23.976394,-22.946203,-19.419172,-23.097425,-34.368071,-24.45904,-26.710087,-25.264592,-17.911119
CTCT,3.292212103,-56.93227,-53.328833,-12.627988,-74.079368,-61.365579,-66.235373,-49.31789,-64.418401,-61.933778,-59.895357,-93.921247,-54.846758,-49.321979,-1.630458,-84.726162,-51.217882,-76.173497,-51.405884,-62.106723,-69.663885,-62.97153,-96.659737,-28.859273,-35.874188,-41.133615,-25.156738,-22.559885,-24.807191,-33.047779,-23.169836,-27.344995,-23.128273,-21.940369
CTTT,3.252140121,-58.63468,-39.94632,23.486775,-65.190777,-53.264429,-55.05729,-49.519745,-48.173026,-49.941308,-52.41083,-81.630537,-57.590731,-35.762647,39.991807,-72.503556,-41.631489,-63.53459,-49.761517,-47.157721,-56.685971,-59.053059,-82.234149,-29.706319,-32.410066,-16.876936,-21.719256,-19.018706,-21.358155,-32.795944,-18.625889,-24.381846,-21.821779,-14.382671
TGGG,2.88615014,-48.303602,-29.734322,8.697443,-43.646961,-61.707677,-34.241135,-59.052282,-64.813622,-57.446047,-59.451966,-78.537882,-49.538318,-24.401058,18.989551,-44.372143,-51.390412,-32.699869,-60.103135,-64.184122,-67.20062,-59.450549,-79.86583,-25.993483,-26.558189,-29.220528,-16.228494,-25.92464,-15.313825,-31.532729,-22.823966,-25.551939,-20.270004,-13.192817
TGAG,2.961842495,-56.248519,-36.341448,1.591448,-62.890273,-71.011667,-52.411183,-64.676014,-75.890836,-66.25363,-70.187061,-98.948627,-52.23946,-28.543431,9.116459,-63.020766,-59.100271,-49.572976,-65.193019,-76.532213,-80.500947,-71.183287,-102.714801,-29.77222,-31.207009,-28.488857,-24.380348,-31.029456,-24.377133,-35.632678,-27.626785,-29.221873,-25.451732,-21.059557
TCGG,2.67647484,-58.124723,-46.010668,-6.440729,-65.466014,-71.901072,-59.979131,-61.371982,-74.757226,-69.36871,-68.437758,-93.230582,-61.030737,-41.830088,1.709212,-70.108564,-64.412861,-65.522637,-63.601241,-73.461644,-80.196751,-69.711693,-96.826067,-30.944179,-35.325826,-38.845808,-26.688615,-30.004164,-27.766809,-34.279742,-26.671448,-32.475954,-26.458452,-18.946233
TCAG,2.032301513,-66.069639,-52.617794,-13.546724,-84.709325,-81.205062,-78.14918,-66.995714,-85.83444,-78.176293,-79.172853,-113.641326,-63.731878,-45.97246,-8.16388,-88.757188,-72.122719,-82.395744,-68.691126,-85.809735,-93.497078,-81.444431,-119.675038,-34.722915,-39.974646,-38.114136,-34.840469,-35.10898,-36.830116,-38.379691,-31.474268,-36.145888,-31.64018,-26.812973
TAGG,2.807845567,-57.224826,-33.783007,0.20042,-50.432429,-54.733734,-45.156259,-55.195351,-67.532382,-58.941252,-64.556065,-87.722882,-57.112576,-26.607581,4.87513,-50.425298,-46.383825,-47.144239,-52.167006,-70.733949,-70.620644,-65.602179,-92.370446,-29.631029,-28.426258,-33.201068,-19.528404,-23.915947,-20.743818,-31.32871,-23.824072,-26.000861,-22.414131,-12.522348
TAAG,2.89255902,-65.169743,-40.390133,-6.905575,-69.675741,-64.037724,-63.326307,-60.819083,-78.609596,-67.748835,-75.29116,-108.133627,-59.813717,-30.749954,-4.997962,-69.073921,-54.093683,-64.017346,-57.256891,-83.082041,-83.92097,-77.334917,-115.219416,-33.409766,-33.075077,-32.469396,-27.680258,-29.020763,-29.807126,-35.428659,-28.626892,-29.670794,-27.595858,-20.389088
TTGG,2.890493838,-60.417249,-37.576041,8.637537,-55.196625,-60.013198,-48.136823,-53.515998,-55.794007,-57.199661,-59.069674,-84.002922,-60.567307,-30.356924,17.325309,-58.254117,-49.131489,-52.77731,-51.222574,-54.300502,-68.165569,-60.386337,-86.410433,-28.385945,-28.076348,-26.10161,-18.301458,-23.515482,-19.004549,-29.756583,-17.990922,-23.67262,-18.971318,-8.9939
TTAG,2.95959143,-68.362165,-44.183167,1.531542,-74.439937,-69.317188,-66.306871,-59.13973,-66.871221,-66.007244,-69.804769,-104.413667,-63.268449,-34.499296,7.452217,-76.902741,-56.841347,-69.650417,-56.312458,-66.648593,-81.465895,-72.119075,-109.259403,-32.164682,-32.725168,-25.369938,-26.453312,-28.620297,-28.067856,-33.856532,-22.793741,-27.342553,-24.153045,-16.86064
TGGC,1.971553518,-65.501009,-42.249372,-17.056952,-67.961346,-75.819236,-63.064802,-64.014326,-81.710669,-89.423333,-76.374961,-97.88971,-66.785848,-38.200155,-9.722019,-73.277367,-65.528436,-65.81797,-66.997814,-81.183556,-101.563547,-75.929861,-101.656147,-38.442771,-33.219425,-40.158579,-27.151747,-33.004589,-28.309184,-37.264694,-30.31083,-39.872363,-29.70164,-27.688003
TGAC,2.443552416,-73.445926,-48.856497,-24.162947,-87.204658,-85.123227,-81.23485,-69.638059,-92.787883,-98.230916,-87.110056,-118.300455,-69.486989,-42.342528,-19.595111,-91.92599,-73.238295,-82.691077,-72.087698,-93.531648,-114.863873,-87.662599,-124.505118,-42.221508,-37.868244,-39.426908,-35.303601,-38.109405,-37.372491,-41.364643,-35.113649,-43.542296,-34.883367,-35.554743
TCGC,1.132581212,-75.32213,-58.525717,-32.195123,-89.780399,-86.012632,-88.802798,-66.334027,-91.654274,-101.345996,-85.360754,-112.582409,-78.278267,-55.629185,-27.002359,-99.013788,-78.550885,-98.640738,-70.49592,-90.461079,-114.559678,-86.191004,-118.616384,-43.393467,-41.987062,-49.783859,-37.611868,-37.084112,-40.762168,-40.011706,-34.158312,-46.796378,-35.890088,-33.441418
TCAC,0.097286304,-83.267046,-65.132843,-39.301118,-109.023711,-95.316622,-106.972847,-71.957759,-102.731488,-110.153579,-96.095849,-132.993154,-80.979408,-59.771557,-36.875451,-117.662412,-86.260743,-115.513845,-75.585805,-102.80917,-127.860004,-97.923743,-141.465355,-47.172204,-46.635882,-49.052187,-45.763722,-42.188928,-49.825475,-44.111656,-38.961131,-50.466311,-41.071815,-41.308158
TAGC,1.423582692,-74.422233,-46.298056,-25.553974,-74.746815,-68.845294,-73.979926,-60.157395,-84.429429,-90.918538,-81.479061,-107.07471,-74.360105,-40.406678,-23.836441,-79.330522,-60.521849,-80.262341,-59.061686,-87.733384,-104.98357,-82.081491,-114.160763,-42.080318,-35.087494,-44.139119,-30.451658,-30.995896,-33.739177,-37.060674,-31.310936,-40.321284,-31.845766,-27.017534
TAAC,1.783595647,-82.36715,-52.905182,-32.659969,-93.990126,-78.149284,-92.149974,-65.781127,-95.506643,-99.726121,-92.214156,-127.485455,-77.061247,-44.549051,-33.709533,-97.979145,-68.231707,-97.135448,-64.15157,-100.081475,-118.283897,-93.814229,-137.009733,-45.859054,-39.736313,-43.407447,-38.603511,-36.100711,-42.802484,-41.160623,-36.113755,-43.991218,-37.027494,-34.884273
TTGC,2.213264094,-77.614656,-50.091091,-17.116858,-79.511011,-74.124757,-76.96049,-58.478043,-72.691054,-89.176948,-75.99267,-103.35475,-77.814837,-44.156021,-11.386261,-87.159341,-63.269513,-85.895412,-58.117253,-71.299937,-102.528495,-76.865649,-108.20075,-40.835234,-34.737584,-37.039661,-29.224711,-30.59543,-31.999907,-35.488547,-25.477785,-37.993043,-28.402953,-23.489085
TTAC,2.784955957,-85.559572,-56.698216,-24.222853,-98.754322,-83.428748,-95.130538,-64.101775,-83.768268,-97.98453,-86.727765,-123.765494,-80.515979,-48.298393,-21.259353,-105.807965,-70.979371,-102.768518,-63.207137,-83.648028,-115.828822,-88.598387,-131.04972,-44.61397,-39.386404,-36.307989,-37.376565,-35.700246,-41.063214,-39.588496,-30.280605,-41.662976,-33.584681,-31.355825
TGGA,2.896959304,-42.429104,-33.48185,9.594303,-47.861183,-57.494552,-37.466796,-49.82403,-60.938747,-57.906391,-55.629187,-77.920211,-42.208997,-26.293388,19.841803,-47.603914,-48.432748,-37.186339,-49.491778,-64.084473,-67.718865,-58.442475,-83.213318,-24.689897,-28.766711,-27.013591,-17.718713,-24.306178,-16.323762,-29.213589,-22.462514,-27.110666,-20.311149,-14.339261
TGAA,2.987864396,-50.37402,-40.088976,2.488308,-67.104494,-66.798542,-55.636845,-55.447762,-72.015961,-66.713974,-66.364282,-98.330956,-44.910139,-30.435761,9.968711,-66.252538,-56.142606,-54.059446,-54.581662,-76.432565,-81.019191,-70.175214,-106.062289,-28.468634,-33.415531,-26.281919,-25.870567,-29.410994,-25.38707,-33.313538,-27.265333,-30.7806,-25.492877,-22.206001
TCGA,2.83691366,-52.250225,-49.758196,-5.543869,-69.680235,-67.687947,-63.204793,-52.14373,-70.882351,-69.829054,-64.61498,-92.61291,-53.701416,-43.722418,2.561463,-73.340336,-61.455197,-70.009107,-52.989884,-73.361996,-80.714995,-68.703619,-100.173555,-29.640593,-37.534348,-36.63887,-28.178834,-28.385701,-28.776746,-31.960602,-26.309996,-34.034681,-26.499597,-20.092677
TCAA,2.811312012,-60.195141,-56.365321,-12.649863,-88.923547,-76.991938,-81.374841,-57.767462,-81.959565,-78.636637,-75.350075,-113.023655,-56.402558,-47.864791,-7.311629,-91.98896,-69.165055,-86.882214,-58.079768,-85.710087,-94.015322,-80.436357,-123.022526,-33.419329,-42.183168,-35.907198,-36.330688,-33.490517,-37.840054,-36.060551,-31.112815,-37.704615,-31.681325,-27.959417
TAGA,2.943771586,-51.350328,-37.530535,1.097281,-54.646651,-50.520609,-48.38192,-45.967099,-63.657507,-59.401596,-60.733287,-87.105211,-49.783255,-28.499911,5.727381,-53.65707,-43.426161,-51.630709,-41.555649,-70.634301,-71.138888,-64.594105,-95.717934,-28.327444,-30.63478,-30.99413,-21.018623,-22.297485,-21.753756,-29.00957,-23.46262,-27.559588,-22.455276,-13.668792
TAAA,3.098773353,-59.295244,-44.13766,-6.008714,-73.889962,-59.8246,-66.551968,-51.590831,-74.734721,-68.209179,-71.468382,-107.515956,-52.484397,-32.642284,-4.145711,-72.305693,-51.136019,-68.503816,-46.645533,-82.982393,-84.439215,-76.326843,-118.566904,-32.10618,-35.2836,-30.262458,-29.170477,-27.4023,-30.817063,-33.109519,-28.265439,-31.229521,-27.637004,-21.535532
TTGA,3.01305356,-54.54275,-41.323569,9.534397,-59.410847,-55.800073,-51.362484,-44.287746,-51.919132,-57.660005,-55.246896,-83.385251,-53.237987,-32.249254,18.17756,-61.485889,-46.173824,-57.26378,-40.611217,-54.200854,-68.683813,-59.378263,-89.757921,-27.082359,-30.28487,-23.894672,-19.791677,-21.897019,-20.014486,-27.437443,-17.62947,-25.231347,-19.012463,-10.140344
TTAA,3.06558681,-62.487667,-47.930694,2.428402,-78.654159,-65.104063,-69.532532,-49.911478,-62.996346,-66.467588,-65.981991,-103.795996,-55.939128,-36.391627,8.304469,-80.134513,-53.883683,-74.136887,-45.701101,-66.548945,-81.98414,-71.111001,-112.606892,-30.861096,-34.93369,-23.163,-27.943531,-27.001835,-29.077793,-31.537392,-22.432289,-28.90128,-24.194191,-18.007084
TGGT,2.474697507,-53.85502,-34.708081,7.504985,-62.551119,-58.643285,-52.649457,-54.235894,-60.249366,-60.632441,-60.240906,-78.649389,-53.459417,-29.640528,18.481603,-66.143352,-45.810344,-54.047473,-55.434154,-62.356507,-70.061651,-62.853821,-82.305717,-27.172985,-27.459798,-27.22067,-21.30599,-24.387825,-20.474768,-32.066295,-22.29944,-26.577131,-22.639292,-15.124494
TGAT,2.792802384,-61.799937,-41.315206,0.39899,-81.794431,-67.947275,-70.819506,-59.859626,-71.32658,-69.440024,-70.976001,-99.060134,-56.160558,-33.782901,8.608511,-84.791975,-53.520202,-70.92058,-60.524038,-74.704598,-83.361978,-74.586559,-105.154688,-30.951722,-32.108618,-26.488998,-29.457844,-29.49264,-29.538075,-36.166244,-27.102259,-30.247065,-27.82102,-22.991234
TCGT,2.163341916,-63.676141,-50.984426,-7.633187,-84.370172,-68.83668,-78.387453,-56.555594,-70.19297,-72.555104,-69.226698,-93.342088,-64.951836,-47.069558,1.201264,-91.879774,-58.832792,-86.870242,-58.93226,-71.63403,-83.057782,-73.114964,-99.265954,-32.123681,-36.227436,-36.845949,-31.766111,-28.467348,-32.927752,-34.813308,-26.146923,-33.501146,-28.82774,-20.877909
TCAT,1.40389188,-71.621058,-57.591552,-14.739182,-103.613484,-78.14067,-96.557502,-62.179326,-81.270184,-81.362687,-79.961793,-113.752833,-67.652977,-51.211931,-8.671828,-110.528397,-66.542651,-103.743349,-64.022144,-83.982121,-96.358108,-84.847703,-122.114924,-35.902417,-40.876255,-36.114277,-39.917965,-33.572164,-41.991059,-38.913257,-30.949742,-37.171079,-34.009468,-28.744649
TAGT,2.176372514,-62.776244,-38.756765,-0.992038,-69.336587,-51.669342,-63.564581,-50.378963,-62.968126,-62.127646,-65.345005,-87.834389,-61.033675,-31.847051,4.367182,-72.196507,-40.803757,-68.491844,-47.498025,-68.906335,-73.481674,-69.00545,-94.810332,-30.810531,-29.327867,-31.201209,-24.6059,-22.379131,-25.904761,-31.862276,-23.299547,-27.026053,-24.783419,-14.454025
TAAT,2.502169732,-70.721161,-45.363891,-8.098033,-88.579899,-60.973332,-81.734629,-56.002695,-74.04534,-70.935229,-76.0801,-108.245134,-63.734816,-35.989424,-5.50591,-90.84513,-48.513615,-85.364951,-52.587909,-81.254426,-86.782001,-80.738189,-117.659303,-34.589268,-33.976687,-30.469537,-32.757754,-27.483947,-34.968069,-35.962225,-28.102366,-30.695986,-29.965146,-22.320765
TTGT,2.885355096,-65.968667,-42.5498,7.445079,-74.100784,-56.948806,-66.545145,-48.69961,-51.229751,-60.386055,-59.858614,-84.114429,-64.488406,-35.596394,16.817361,-80.025327,-43.55142,-74.124915,-46.553593,-52.472888,-71.0266,-63.789609,-88.85032,-29.565447,-28.977958,-24.101751,-23.378954,-21.978666,-24.165491,-30.290149,-17.466396,-24.697811,-21.340606,-10.925577
TTAT,3.108264971,-73.913583,-49.156925,0.339084,-93.344095,-66.252796,-84.715193,-54.323342,-62.306965,-69.193638,-70.593709,-104.525174,-67.189548,-39.738766,6.944269,-98.67395,-51.261279,-90.998022,-51.643477,-64.820979,-84.326926,-75.522347,-111.69929,-33.344184,-33.626777,-23.370079,-31.530808,-27.083481,-33.228799,-34.390098,-22.269215,-28.367745,-26.522334,-18.792317
TGCG,2.986143307,-40.246326,-37.828346,-10.229371,-44.89212,-64.690129,-32.557366,-53.354189,-76.303106,-59.3858,-58.033758,-90.043165,-39.547436,-32.809029,-0.561048,-49.744923,-53.453752,-33.737364,-56.108873,-71.727653,-67.573388,-57.256694,-89.753445,-24.133727,-30.413566,-44.782424,-17.422941,-27.737919,-14.95901,-30.414149,-27.055304,-26.871318,-20.498171,-20.998549
TGTG,2.878066945,-41.948736,-24.445833,25.885392,-36.003529,-56.588979,-21.379282,-53.556044,-60.057731,-47.39333,-50.549231,-77.752455,-42.291409,-19.249697,41.061217,-37.522317,-43.867358,-21.098458,-54.464505,-56.77865,-54.595474,-53.338223,-75.327857,-24.980773,-26.949445,-20.525745,-13.985459,-24.196741,-11.509973,-30.162314,-22.511357,-23.908168,-19.191677,-13.440851
TCCG,2.929751332,-50.067447,-54.104692,-25.367543,-66.711173,-74.883524,-58.295362,-55.673889,-86.24671,-71.308463,-67.01955,-104.735864,-51.039854,-50.238059,-17.841387,-75.481345,-66.4762,-66.560133,-59.606979,-81.005175,-80.569519,-67.517837,-106.713681,-29.084422,-39.181204,-54.407703,-27.883062,-31.817443,-27.411994,-33.161162,-30.902786,-33.795332,-26.686619,-26.751965
TCTG,2.877041468,-51.769857,-40.722178,10.74722,-57.822582,-66.782375,-47.117278,-55.875744,-70.001335,-59.315993,-59.535023,-92.445154,-53.783827,-36.678727,23.780877,-63.258739,-56.889807,-53.921226,-57.962611,-66.056173,-67.591605,-63.599367,-92.288093,-29.931469,-35.717082,-30.151024,-24.44558,-28.276264,-23.962957,-32.909327,-26.35884,-30.832183,-25.380125,-19.194266
TACG,2.978161936,-49.167551,-41.877031,-18.726394,-51.677588,-57.716186,-43.472489,-49.497257,-79.021866,-60.881005,-63.137857,-99.228165,-47.121693,-35.015552,-14.675469,-55.798078,-48.447165,-48.181735,-48.172744,-78.277481,-70.993412,-63.408323,-102.25806,-27.771273,-32.281635,-48.762963,-20.722851,-25.729226,-20.389003,-30.210129,-28.05541,-27.320239,-22.642297,-20.32808
TATG,2.881203279,-50.86996,-28.494517,17.388369,-42.788998,-49.615037,-32.294406,-49.699113,-62.77649,-48.888535,-55.65333,-86.937455,-49.865666,-21.45622,26.946795,-43.575472,-38.860771,-35.542828,-46.528376,-63.328478,-58.015498,-59.489853,-87.832472,-28.618319,-28.817513,-24.506284,-17.285369,-22.188048,-16.939966,-29.958295,-23.511464,-24.35709,-21.335803,-12.770382
TTCG,3.149998684,-52.359973,-45.670065,-10.289277,-56.441784,-62.99565,-46.453053,-47.817905,-67.283491,-59.139414,-57.651466,-95.508204,-50.576425,-38.764895,-2.22529,-63.626898,-51.194828,-53.814806,-47.228312,-61.844033,-68.538337,-58.192481,-96.298047,-26.526189,-31.931726,-41.663505,-19.495905,-25.328761,-18.649733,-28.638002,-22.22226,-24.991998,-19.199485,-16.799632
TTTG,3.055782752,-54.062383,-32.287551,25.825486,-47.553194,-54.894501,-35.27497,-48.01976,-51.038116,-47.146945,-50.166939,-83.217495,-53.320398,-25.205563,39.396975,-51.404292,-41.608434,-41.175899,-45.583944,-46.895031,-55.560423,-54.274011,-81.872459,-27.373235,-28.467604,-17.406826,-16.058423,-21.787582,-15.200697,-28.386168,-17.678313,-22.028848,-17.89299,-9.241934
TGCC,2.774460743,-57.443733,-50.343395,-35.983766,-69.206505,-78.801689,-61.381033,-58.316233,-93.200153,-91.363086,-74.956753,-109.394992,-56.794965,-46.608126,-29.272618,-78.650147,-67.591776,-66.855466,-63.003552,-88.727088,-101.936315,-73.736005,-111.543762,-36.583015,-37.074802,-55.720475,-28.346194,-34.817868,-27.954368,-36.146113,-34.542168,-41.191741,-29.929806,-35.493734
TGTC,2.622275639,-59.146143,-36.960882,0.130997,-60.317915,-70.700539,-50.202949,-58.518089,-76.954778,-79.370617,-67.472226,-97.104282,-59.538938,-33.048794,12.349646,-66.427541,-58.005382,-54.216559,-61.359184,-73.778085,-88.958401,-69.817535,-97.118174,-37.430061,-33.61068,-31.463796,-24.908712,-31.276689,-24.505332,-35.894278,-29.998221,-38.228592,-28.623312,-27.936036
TCCC,2.309998786,-67.264854,-66.619741,-51.121937,-91.025558,-88.995084,-87.119029,-60.635933,-103.143758,-103.285749,-83.942546,-124.087691,-68.287384,-64.037156,-46.552958,-104.386569,-80.614224,-99.678234,-66.501658,-98.00461,-114.932446,-83.997149,-128.503998,-41.533711,-45.842439,-65.345754,-38.806315,-38.897391,-40.407352,-38.893126,-38.38965,-48.115756,-36.118254,-41.24715
TCTC,1.685438365,-68.967264,-53.237228,-15.007174,-82.136968,-80.893935,-75.940945,-60.837789,-86.898382,-91.29328,-76.458019,-111.796981,-71.031357,-50.477824,-4.930693,-92.163963,-71.02783,-87.039328,-64.85729,-83.055608,-101.954532,-80.078678,-114.07841,-42.380757,-42.378318,-41.089075,-35.368833,-35.356213,-36.958316,-38.641291,-33.845704,-45.152606,-34.81176,-33.689451
TACC,2.526462049,-66.364958,-54.39208,-44.480788,-75.991973,-71.827746,-72.296156,-54.459302,-95.918913,-92.858291,-80.060853,-118.579992,-64.369223,-48.814649,-43.38704,-84.703302,-62.585188,-81.299836,-55.067423,-95.276915,-105.356338,-79.887635,-124.048377,-40.220561,-38.942871,-59.701014,-31.646104,-32.809174,-33.384361,-35.942094,-35.542274,-41.640663,-32.073933,-34.823265
TATC,2.298770372,-68.067367,-41.009567,-8.366025,-67.103383,-63.726597,-61.118073,-54.661158,-79.673538,-80.865822,-72.576326,-106.289282,-67.113196,-35.255317,-1.764775,-72.480696,-52.998794,-68.66093,-53.423055,-80.327913,-92.378424,-75.969164,-109.622789,-41.067607,-35.478749,-35.444335,-28.208623,-29.267996,-29.935325,-35.690259,-30.998328,-38.677513,-30.767438,-27.265567
TTCC,2.887110296,-69.55738,-58.185114,-36.043672,-80.75617,-77.10721,-75.27672,-52.779949,-84.180538,-91.1167,-74.574462,-114.860032,-67.823955,-52.563992,-30.93686,-92.532122,-65.332852,-86.932907,-54.122991,-78.843468,-102.901263,-74.671793,-118.088364,-38.975477,-38.592961,-52.601556,-30.419158,-32.408709,-31.645091,-34.369967,-29.709124,-39.312421,-28.63112,-31.294817
TTTC,2.957569174,-71.25979,-44.802601,0.071091,-71.867579,-69.00606,-64.098637,-52.981805,-67.935163,-79.124231,-67.089935,-102.569322,-70.567928,-39.00466,10.685404,-80.309516,-55.746458,-74.294001,-52.478623,-63.894465,-89.923349,-70.753323,-103.662776,-39.822523,-35.12884,-28.344877,-26.981676,-28.86753,-28.196055,-34.118132,-25.165177,-36.349272,-27.324625,-23.737119
TGCA,2.989993487,-34.371828,-41.575874,-9.332511,-49.106341,-60.477004,-35.783027,-44.125937,-72.428231,-59.846144,-54.210979,-89.425493,-32.218115,-34.70136,0.291204,-52.976695,-50.496087,-38.223835,-45.497515,-71.628005,-68.091632,-56.24862,-93.100933,-22.830141,-32.622088,-42.575486,-18.913159,-26.119457,-15.968947,-28.095009,-26.693852,-28.430045,-20.539316,-22.144993
TGTA,3.044945647,-36.074238,-28.19336,26.782252,-40.217751,-52.375855,-24.604944,-44.327792,-56.182856,-47.853674,-46.726452,-77.134784,-34.962088,-21.142027,41.913468,-40.754089,-40.909694,-25.584928,-43.853147,-56.679002,-55.113718,-52.330149,-78.675345,-23.677187,-29.157967,-18.318807,-15.475678,-22.578278,-12.519911,-27.843174,-22.149905,-25.466895,-19.232822,-14.587294
TCCA,3.044803668,-44.192949,-57.85222,-24.470682,-70.925394,-70.6704,-61.521023,-46.445637,-82.371835,-71.768807,-63.196771,-104.118193,-43.710534,-52.130389,-16.989136,-78.713117,-63.518536,-71.046603,-48.995621,-80.905527,-81.087763,-66.509763,-110.06117,-27.780836,-41.389726,-52.200765,-29.373281,-30.19898,-28.421931,-30.842021,-30.541334,-35.354059,-26.727764,-27.898408
TCTA,3.088415742,-45.895358,-44.469706,11.644081,-62.036804,-62.56925,-50.34294,-46.647492,-66.12646,-59.776337,-55.712245,-91.827483,-46.454507,-38.571057,24.633129,-66.490511,-53.932142,-58.407696,-47.351253,-65.956525,-68.109849,-62.591293,-95.635582,-28.627883,-37.925604,-27.944086,-25.935799,-26.657801,-24.972894,-30.590187,-25.997388,-32.39091,-25.42127,-20.34071
TACA,2.981187198,-43.293052,-45.624558,-17.829533,-55.89181,-53.503062,-46.698151,-40.269005,-75.146991,-61.341349,-59.315079,-98.610493,-39.792373,-36.907883,-13.823218,-59.02985,-45.4895,-52.668205,-37.561386,-78.177832,-71.511656,-62.400249,-105.605548,-26.467687,-34.490157,-46.556025,-22.21307,-24.110763,-21.39894,-27.890989,-27.693958,-28.878966,-22.683443,-21.474524
TATA,3.111138044,-44.995462,-32.242045,18.28523,-47.003219,-45.401912,-35.520067,-40.470861,-58.901616,-49.348879,-51.830552,-86.319784,-42.536346,-23.34855,27.799047,-46.807244,-35.903106,-40.029299,-35.917018,-63.22883,-58.533742,-58.481779,-91.17996,-27.314733,-31.026036,-22.299346,-18.775588,-20.569585,-17.949904,-27.639155,-23.150012,-25.915817,-21.376948,-13.916825
TTCA,3.147603638,-46.485475,-49.417593,-9.392417,-60.656006,-58.782525,-49.678714,-38.589653,-63.408616,-59.599758,-53.828688,-94.890533,-43.247104,-40.657225,-1.373039,-66.85867,-48.237164,-58.301276,-36.616954,-61.744385,-69.056581,-57.184408,-99.645535,-25.222603,-34.140248,-39.456567,-20.986124,-23.710298,-19.65967,-26.318862,-21.860808,-26.550725,-19.24063,-17.946076
TTTA,3.18825102,-48.187884,-36.035079,26.722346,-51.767416,-50.681376,-38.500631,-38.791508,-47.163241,-47.607289,-46.344161,-82.599823,-45.991077,-27.097893,40.249226,-54.636064,-38.65077,-45.66237,-34.972586,-46.795382,-56.078667,-53.265937,-85.219947,-26.069649,-30.676126,-15.199888,-17.548642,-20.169119,-16.210634,-26.067027,-17.316861,-23.587575,-17.934135,-10.388377
TGCT,2.954965038,-45.797745,-42.802104,-11.421829,-63.796278,-61.625737,-50.965688,-48.537801,-71.73885,-62.572194,-58.822697,-90.154671,-43.468535,-38.048499,-1.068996,-71.516132,-47.873683,-55.084969,-51.439892,-69.900038,-70.434419,-60.659965,-92.193331,-25.313229,-31.315176,-42.782565,-22.500437,-26.201103,-20.119953,-30.947715,-26.530778,-27.896509,-22.867459,-22.930226
TGTT,2.992720564,-47.500154,-29.419591,24.692934,-54.907688,-53.524587,-39.787604,-48.739656,-55.493474,-50.579724,-51.338171,-77.863961,-46.212507,-24.489167,40.553269,-59.293526,-38.287289,-42.446063,-49.795524,-54.951036,-57.456505,-56.741495,-77.767743,-26.160275,-27.851054,-18.525886,-19.062955,-22.659925,-16.670916,-30.69588,-21.986832,-24.93336,-21.560965,-15.372527
TCCT,2.875653943,-55.618865,-59.07845,-26.560001,-85.615331,-71.819132,-76.703684,-50.857501,-81.682454,-74.494857,-67.80849,-104.84737,-54.960953,-55.477529,-18.349335,-97.252554,-60.896132,-87.907738,-54.937998,-79.177561,-83.43055,-70.921109,-109.153568,-30.263924,-40.082813,-52.407844,-32.960558,-30.280627,-32.572936,-33.694727,-30.378261,-34.820524,-29.055907,-28.683641
TCTT,2.608083939,-57.321275,-45.695937,9.554762,-76.72674,-63.717983,-65.525601,-51.059356,-65.437079,-62.502387,-60.323963,-92.556661,-57.704926,-41.918197,23.272929,-85.029948,-51.309738,-75.268831,-53.29363,-64.228558,-70.452636,-67.002638,-94.72798,-31.11097,-36.618691,-28.151165,-29.523076,-26.739448,-29.1239,-33.442893,-25.834314,-31.857375,-27.749413,-21.125943
TACT,2.96700338,-54.718969,-46.850789,-19.918852,-70.581746,-54.651794,-61.880811,-44.68087,-74.45761,-64.067399,-63.926797,-99.339671,-51.042792,-40.255022,-15.183417,-77.569287,-42.867096,-69.52934,-43.503763,-76.449866,-73.854442,-66.811595,-104.697947,-28.950775,-33.183244,-46.763104,-25.800347,-24.19241,-25.549946,-30.743695,-27.530885,-28.345431,-25.011586,-22.259757
TATT,2.873193894,-56.421378,-33.468276,16.195911,-61.693156,-46.550645,-50.702728,-44.882725,-58.212234,-52.074929,-56.44227,-87.048961,-53.786765,-26.69569,26.438847,-65.346681,-33.280702,-56.890433,-41.859395,-61.500864,-60.876528,-62.893124,-90.272359,-29.797821,-29.719123,-22.506425,-22.362865,-20.651232,-22.100909,-30.491861,-22.986938,-25.382281,-23.705091,-14.702058
TTCT,3.065918677,-57.911391,-50.643823,-11.481735,-75.345942,-59.931258,-64.861375,-43.001517,-62.719235,-62.325808,-58.440406,-95.619711,-54.497524,-44.004365,-2.733238,-85.398107,-45.61476,-75.162411,-42.55933,-60.016419,-71.399367,-61.595753,-98.737934,-27.705691,-32.833335,-39.663646,-24.573401,-23.791945,-23.810676,-29.171568,-21.697734,-26.01719,-21.568773,-18.731308
TTTT,3.066413133,-59.613801,-37.26131,24.633028,-66.457352,-51.830109,-53.683292,-43.203372,-46.473859,-50.333338,-50.955879,-83.329001,-57.241497,-30.445033,38.889027,-73.175501,-36.028366,-62.523504,-40.914963,-45.067416,-58.421453,-57.677283,-84.312346,-28.552737,-29.369213,-15.406968,-21.135919,-20.250766,-20.36164,-28.919733,-17.153788,-23.05404,-20.262278,-11.17361